file,gloss,cat,occluded,signer,duration
num_ELEVEN_0003,10,0,0,DRIVE,2.2666666666666666
num_ELEVEN_0004,10,0,0,DRIVE,2.0
num_ELEVEN_0005,10,0,0,DRIVE,1.0
num_ELEVEN_0006,10,0,0,DRIVE,2.0
num_ELEVEN_0007,10,0,0,DRIVE,2.0
num_ELEVEN_0008,10,0,0,DRIVE,2.0
num_ELEVEN_0009,10,0,0,DRIVE,1.0
num_ELEVEN_0010,10,0,0,DRIVE,1.0
num_ELEVEN_0011,10,0,0,DRIVE,3.0
num_ELEVEN_0012,10,0,0,DRIVE,1.0
num_ELEVEN_0013,10,0,0,DRIVE,2.0
num_ELEVEN_0014,10,0,0,DRIVE,2.0
num_ELEVEN_0015,10,0,0,DRIVE,1.5666666666666667
num_TWELVE_0003,11,0,0,DRIVE,3.0
num_TWELVE_0004,11,0,0,DRIVE,1.0
num_TWELVE_0005,11,0,0,DRIVE,2.0
num_TWELVE_0006,11,0,0,DRIVE,3.0
num_TWELVE_0007,11,0,0,DRIVE,1.0
num_TWELVE_0008,11,0,0,DRIVE,1.0666666666666667
num_TWELVE_0009,11,0,0,DRIVE,2.0
num_TWELVE_0010,11,0,0,DRIVE,1.5666666666666667
num_TWELVE_0011,11,0,0,DRIVE,2.0
num_TWELVE_0012,11,0,0,DRIVE,1.0
num_TWELVE_0013,11,0,0,DRIVE,2.0
num_TWELVE_0014,11,0,0,DRIVE,2.0
num_TWELVE_0015,11,0,0,DRIVE,1.0
num_THIRTEEN_0003,12,0,0,DRIVE,3.0
num_THIRTEEN_0004,12,0,0,DRIVE,2.0
num_THIRTEEN_0005,12,0,0,DRIVE,3.0
num_THIRTEEN_0006,12,0,0,DRIVE,2.0
num_THIRTEEN_0007,12,0,0,DRIVE,1.0
num_THIRTEEN_0008,12,0,0,DRIVE,1.0
num_THIRTEEN_0009,12,0,0,DRIVE,1.0
num_THIRTEEN_0010,12,0,0,DRIVE,3.0
num_THIRTEEN_0011,12,0,0,DRIVE,1.5666666666666667
num_THIRTEEN_0012,12,0,0,DRIVE,1.0
num_THIRTEEN_0013,12,0,0,DRIVE,2.0
num_THIRTEEN_0014,12,0,0,DRIVE,2.0
num_FOURTEEN_0003,13,0,0,DRIVE,2.0
num_FOURTEEN_0004,13,0,0,DRIVE,1.0666666666666667
num_FOURTEEN_0005,13,0,0,DRIVE,1.0
num_FOURTEEN_0006,13,0,0,DRIVE,1.0
num_FOURTEEN_0007,13,0,0,DRIVE,2.0
num_FOURTEEN_0008,13,0,0,DRIVE,3.0
num_FOURTEEN_0009,13,0,0,DRIVE,2.0
num_FOURTEEN_0010,13,0,0,DRIVE,2.0
num_FOURTEEN_0011,13,0,0,DRIVE,2.0
num_FOURTEEN_0012,13,0,0,DRIVE,1.5666666666666667
num_FOURTEEN_0013,13,0,0,DRIVE,1.0
num_FOURTEEN_0014,13,0,0,DRIVE,2.0
num_FOURTEEN_0015,13,0,0,DRIVE,2.0
num_FOURTEEN_0016,13,0,0,DRIVE,2.0
num_FIFTEEN_0003,14,0,0,DRIVE,2.0
num_FIFTEEN_0004,14,0,0,DRIVE,2.0
num_FIFTEEN_0005,14,0,0,DRIVE,2.0
num_FIFTEEN_0006,14,0,0,DRIVE,2.0
num_FIFTEEN_0007,14,0,0,DRIVE,2.0
num_FIFTEEN_0008,14,0,0,DRIVE,2.0
num_FIFTEEN_0009,14,0,0,DRIVE,1.0
num_FIFTEEN_0010,14,0,0,DRIVE,2.0
num_FIFTEEN_0011,14,0,0,DRIVE,1.9666666666666666
num_FIFTEEN_0012,14,0,0,DRIVE,1.0
num_FIFTEEN_0013,14,0,0,DRIVE,1.0
num_FIFTEEN_0014,14,0,0,DRIVE,2.066666666666667
num_FIFTEEN_0015,14,0,0,DRIVE,1.5666666666666667
num_SIXTEEN_0003,15,0,0,DRIVE,2.0
num_SIXTEEN_0004,15,0,0,DRIVE,2.0
num_SIXTEEN_0005,15,0,0,DRIVE,1.0
num_SIXTEEN_0006,15,0,0,DRIVE,2.0
num_SIXTEEN_0007,15,0,0,DRIVE,2.0
num_SIXTEEN_0008,15,0,0,DRIVE,1.5666666666666667
num_SIXTEEN_0009,15,0,0,DRIVE,2.0
num_SIXTEEN_0010,15,0,0,DRIVE,1.0
num_SIXTEEN_0011,15,0,0,DRIVE,2.0
num_SIXTEEN_0012,15,0,0,DRIVE,1.0
num_SIXTEEN_0013,15,0,0,DRIVE,3.0
num_SIXTEEN_0014,15,0,0,DRIVE,1.0
num_SIXTEEN_0015,15,0,0,DRIVE,1.0
num_SEVENTEEN_0003,16,0,0,DRIVE,1.0
num_SEVENTEEN_0004,16,0,0,DRIVE,2.0
num_SEVENTEEN_0005,16,0,0,DRIVE,2.0
num_SEVENTEEN_0006,16,0,0,DRIVE,1.0
num_SEVENTEEN_0007,16,0,0,DRIVE,1.0
num_SEVENTEEN_0008,16,0,0,DRIVE,1.0
num_SEVENTEEN_0009,16,0,0,DRIVE,3.0
num_SEVENTEEN_0010,16,0,0,DRIVE,2.0
num_SEVENTEEN_0011,16,0,0,DRIVE,2.0
num_SEVENTEEN_0012,16,0,0,DRIVE,2.0
num_SEVENTEEN_0013,16,0,0,DRIVE,1.6
num_SEVENTEEN_0014,16,0,0,DRIVE,1.0
num_SEVENTEEN_0015,16,0,0,DRIVE,2.0
num_EIGHTEEN_0003,17,0,0,DRIVE,1.0
num_EIGHTEEN_0004,17,0,0,DRIVE,2.0
num_EIGHTEEN_0005,17,0,0,DRIVE,3.0
num_EIGHTEEN_0006,17,0,0,DRIVE,2.0
num_EIGHTEEN_0007,17,0,0,DRIVE,1.0
num_EIGHTEEN_0008,17,0,0,DRIVE,1.6
num_EIGHTEEN_0009,17,0,0,DRIVE,1.0
num_EIGHTEEN_0010,17,0,0,DRIVE,3.0
num_EIGHTEEN_0011,17,0,0,DRIVE,2.0
num_EIGHTEEN_0012,17,0,0,DRIVE,1.1
num_EIGHTEEN_0013,17,0,0,DRIVE,3.0
num_EIGHTEEN_0014,17,0,0,DRIVE,2.0
num_EIGHTEEN_0015,17,0,0,DRIVE,2.0
num_NINETEEN_0003,18,0,0,DRIVE,1.9666666666666666
num_NINETEEN_0004,18,0,0,DRIVE,2.0
num_NINETEEN_0005,18,0,0,DRIVE,2.0
num_NINETEEN_0006,18,0,0,DRIVE,2.0
num_NINETEEN_0007,18,0,0,DRIVE,1.0
num_NINETEEN_0008,18,0,0,DRIVE,2.0
num_NINETEEN_0009,18,0,0,DRIVE,3.0
num_NINETEEN_0010,18,0,0,DRIVE,1.0
num_NINETEEN_0011,18,0,0,DRIVE,2.0
num_NINETEEN_0012,18,0,0,DRIVE,1.1333333333333333
num_NINETEEN_0013,18,0,0,DRIVE,1.0
num_NINETEEN_0014,18,0,0,DRIVE,2.0
num_NINETEEN_0015,18,0,0,DRIVE,2.0
num_TWENTY_0004,19,0,0,DRIVE,3.0
num_TWENTY_0005,19,0,0,DRIVE,2.6333333333333333
num_TWENTY_0006,19,0,0,DRIVE,3.0
num_TWENTY_0007,19,0,0,DRIVE,3.0
num_TWENTY_0008,19,0,0,DRIVE,2.0
num_TWENTY_0009,19,0,0,DRIVE,3.0
num_TWENTY_0010,19,0,0,DRIVE,1.6
num_TWENTY_0011,19,0,0,DRIVE,2.0
num_TWENTY_0012,19,0,0,DRIVE,1.0
num_TWENTY_0013,19,0,0,DRIVE,1.9666666666666666
num_TWENTY_0014,19,0,0,DRIVE,3.0
num_TWENTY_0015,19,0,0,DRIVE,2.0
num_TWENTY_0016,19,0,0,DRIVE,3.0
num_TWENTY_0017,19,0,0,DRIVE,3.0
num_TWENTY_0018,19,0,0,DRIVE,2.0
num_TWENTY_0019,19,0,0,DRIVE,2.1333333333333333
num_TWENTY_0020,19,0,0,DRIVE,3.0
num_TWENTY_0021,19,0,0,DRIVE,2.0
num_TWENTY_0022,19,0,0,DRIVE,2.0
num_TWENTY_0023,19,0,0,DRIVE,2.0
num_TWENTY_ONE_0002,20,0,0,DRIVE,1.0
num_TWENTY_ONE_0003,20,0,0,DRIVE,2.0
num_TWENTY_ONE_0004,20,0,0,DRIVE,3.0
num_TWENTY_ONE_0005,20,0,0,DRIVE,1.5666666666666667
num_TWENTY_ONE_0006,20,0,0,DRIVE,3.0
num_TWENTY_ONE_0007,20,0,0,DRIVE,2.0
num_TWENTY_ONE_0008,20,0,0,DRIVE,3.0
num_TWENTY_ONE_0009,20,0,0,DRIVE,3.0
num_TWENTY_ONE_0010,20,0,0,DRIVE,3.0
num_TWENTY_ONE_0011,20,0,0,DRIVE,2.0
num_TWENTY_ONE_0012,20,0,0,DRIVE,2.0
num_TWENTY_ONE_0013,20,0,0,DRIVE,3.0
num_TWENTY_TWO_0002,21,0,0,DRIVE,3.0
num_TWENTY_TWO_0003,21,0,0,DRIVE,2.1
num_TWENTY_TWO_0004,21,0,0,DRIVE,2.0
num_TWENTY_TWO_0005,21,0,0,DRIVE,2.0
num_TWENTY_TWO_0006,21,0,0,DRIVE,1.5666666666666667
num_TWENTY_TWO_0007,21,0,0,DRIVE,3.0
num_TWENTY_TWO_0008,21,0,0,DRIVE,2.0
num_TWENTY_TWO_0009,21,0,0,DRIVE,2.0
num_TWENTY_TWO_0010,21,0,0,DRIVE,1.6
num_TWENTY_TWO_0011,21,0,0,DRIVE,2.0
num_TWENTY_TWO_0012,21,0,0,DRIVE,2.0
num_TWENTY_THREE_0002,22,0,0,DRIVE,1.6
num_TWENTY_THREE_0003,22,0,0,DRIVE,3.0
num_TWENTY_THREE_0004,22,0,0,DRIVE,2.0
num_TWENTY_THREE_0005,22,0,0,DRIVE,1.0
num_TWENTY_THREE_0006,22,0,0,DRIVE,3.0
num_TWENTY_THREE_0007,22,0,0,DRIVE,2.0
num_TWENTY_THREE_0008,22,0,0,DRIVE,3.0
num_TWENTY_THREE_0009,22,0,0,DRIVE,1.0333333333333334
num_TWENTY_THREE_0010,22,0,0,DRIVE,2.0
num_TWENTY_THREE_0011,22,0,0,DRIVE,2.0
num_TWENTY_FOUR_0002,23,0,0,DRIVE,2.066666666666667
num_TWENTY_FOUR_0003,23,0,0,DRIVE,1.6
num_TWENTY_FOUR_0004,23,0,0,DRIVE,2.0
num_TWENTY_FOUR_0005,23,0,0,DRIVE,1.6
num_TWENTY_FOUR_0006,23,0,0,DRIVE,2.0
num_TWENTY_FOUR_0007,23,0,0,DRIVE,2.0
num_TWENTY_FOUR_0008,23,0,0,DRIVE,2.966666666666667
num_TWENTY_FOUR_0009,23,0,0,DRIVE,3.0
num_TWENTY_FOUR_0010,23,0,0,DRIVE,3.0
num_TWENTY_FOUR_0011,23,0,0,DRIVE,2.0
num_TWENTY_FIVE_0002,24,0,0,DRIVE,2.0
num_TWENTY_FIVE_0003,24,0,0,DRIVE,2.066666666666667
num_TWENTY_FIVE_0004,24,0,0,DRIVE,3.0
num_TWENTY_FIVE_0005,24,0,0,DRIVE,1.0
num_TWENTY_FIVE_0006,24,0,0,DRIVE,2.0
num_TWENTY_FIVE_0007,24,0,0,DRIVE,2.0
num_TWENTY_FIVE_0008,24,0,0,DRIVE,2.0
num_TWENTY_FIVE_0009,24,0,0,DRIVE,1.6
num_TWENTY_FIVE_0010,24,0,0,DRIVE,3.0
num_TWENTY_FIVE_0011,24,0,0,DRIVE,2.0
num_TWENTY_FIVE_0012,24,0,0,DRIVE,3.0
num_TWENTY_SIX_0002,25,0,0,DRIVE,1.6
num_TWENTY_SIX_0003,25,0,0,DRIVE,3.0
num_TWENTY_SIX_0004,25,0,0,DRIVE,2.0
num_TWENTY_SIX_0005,25,0,0,DRIVE,3.0
num_TWENTY_SIX_0006,25,0,0,DRIVE,1.0
num_TWENTY_SIX_0007,25,0,0,DRIVE,2.0
num_TWENTY_SIX_0008,25,0,0,DRIVE,2.0
num_TWENTY_SIX_0009,25,0,0,DRIVE,2.0
num_TWENTY_SIX_0010,25,0,0,DRIVE,2.0
num_TWENTY_SIX_0011,25,0,0,DRIVE,2.1666666666666665
num_TWENTY_SEVEN_0002,26,0,0,DRIVE,2.0
num_TWENTY_SEVEN_0003,26,0,0,DRIVE,2.2
num_TWENTY_SEVEN_0004,26,0,0,DRIVE,1.5666666666666667
num_TWENTY_SEVEN_0005,26,0,0,DRIVE,2.0
num_TWENTY_SEVEN_0006,26,0,0,DRIVE,2.0
num_TWENTY_SEVEN_0007,26,0,0,DRIVE,3.0
num_TWENTY_SEVEN_0008,26,0,0,DRIVE,1.0
num_TWENTY_SEVEN_0009,26,0,0,DRIVE,2.966666666666667
num_TWENTY_SEVEN_0010,26,0,0,DRIVE,2.0
num_TWENTY_SEVEN_0011,26,0,0,DRIVE,2.0
num_TWENTY_EIGHT_0002,27,0,0,DRIVE,2.2
num_TWENTY_EIGHT_0003,27,0,0,DRIVE,2.0
num_TWENTY_EIGHT_0004,27,0,0,DRIVE,3.0
num_TWENTY_EIGHT_0005,27,0,0,DRIVE,2.0
num_TWENTY_EIGHT_0006,27,0,0,DRIVE,1.0
num_TWENTY_EIGHT_0007,27,0,0,DRIVE,2.0
num_TWENTY_EIGHT_0008,27,0,0,DRIVE,1.5666666666666667
num_TWENTY_EIGHT_0009,27,0,0,DRIVE,1.9666666666666666
num_TWENTY_EIGHT_0010,27,0,0,DRIVE,3.0
num_TWENTY_EIGHT_0011,27,0,0,DRIVE,3.0
num_TWENTY_NINE_0002,28,0,0,DRIVE,2.2
num_TWENTY_NINE_0003,28,0,0,DRIVE,2.3666666666666667
num_TWENTY_NINE_0004,28,0,0,DRIVE,2.0
num_TWENTY_NINE_0005,28,0,0,DRIVE,3.0
num_TWENTY_NINE_0006,28,0,0,DRIVE,2.0
num_TWENTY_NINE_0007,28,0,0,DRIVE,1.0
num_TWENTY_NINE_0008,28,0,0,DRIVE,2.0
num_TWENTY_NINE_0009,28,0,0,DRIVE,2.0
num_TWENTY_NINE_0010,28,0,0,DRIVE,3.0
num_TWENTY_NINE_0011,28,0,0,DRIVE,3.0
num_THIRTY_0004,29,0,0,DRIVE,2.2333333333333334
num_THIRTY_0005,29,0,0,DRIVE,1.0
num_THIRTY_0006,29,0,0,DRIVE,2.1666666666666665
num_THIRTY_0007,29,0,0,DRIVE,1.0333333333333334
num_THIRTY_0008,29,0,0,DRIVE,2.0
num_THIRTY_0009,29,0,0,DRIVE,3.0
num_THIRTY_0010,29,0,0,DRIVE,1.0
num_THIRTY_0011,29,0,0,DRIVE,3.0
num_THIRTY_0012,29,0,0,DRIVE,1.7333333333333334
num_THIRTY_0013,29,0,0,DRIVE,3.0
num_THIRTY_0014,29,0,0,DRIVE,2.0
num_THIRTY_0015,29,0,0,DRIVE,2.0
num_THIRTY_0016,29,0,0,DRIVE,2.0
num_THIRTY_0017,29,0,0,DRIVE,1.5666666666666667
num_THIRTY_0018,29,0,0,DRIVE,1.9666666666666666
num_THIRTY_0019,29,0,0,DRIVE,2.0
num_THIRTY_0020,29,0,0,DRIVE,3.0
num_THIRTY_ONE_0001,30,0,0,DRIVE,2.0
num_THIRTY_ONE_0002,30,0,0,DRIVE,2.3666666666666667
num_THIRTY_ONE_0003,30,0,0,DRIVE,2.0
num_THIRTY_ONE_0004,30,0,0,DRIVE,1.0
num_THIRTY_ONE_0005,30,0,0,DRIVE,2.0
num_THIRTY_ONE_0006,30,0,0,DRIVE,3.0
num_THIRTY_TWO_0001,31,0,0,DRIVE,3.0
num_THIRTY_TWO_0002,31,0,0,DRIVE,3.0
num_THIRTY_TWO_0003,31,0,0,DRIVE,1.5666666666666667
num_THIRTY_TWO_0004,31,0,0,DRIVE,2.0
num_THIRTY_TWO_0005,31,0,0,DRIVE,3.0
num_THIRTY_TWO_0006,31,0,0,DRIVE,1.5666666666666667
num_THIRTY_TWO_0007,31,0,0,DRIVE,2.0
num_THIRTY_THREE_0001,32,0,0,DRIVE,2.0
num_THIRTY_THREE_0002,32,0,0,DRIVE,2.0
num_THIRTY_THREE_0003,32,0,0,DRIVE,2.0
num_THIRTY_THREE_0004,32,0,0,DRIVE,1.5666666666666667
num_THIRTY_THREE_0005,32,0,0,DRIVE,3.0
num_THIRTY_THREE_0006,32,0,0,DRIVE,1.5666666666666667
num_THIRTY_FOUR_0001,33,0,0,DRIVE,2.0
num_THIRTY_FOUR_0002,33,0,0,DRIVE,2.0
num_THIRTY_FOUR_0003,33,0,0,DRIVE,2.966666666666667
num_THIRTY_FOUR_0004,33,0,0,DRIVE,3.0
num_THIRTY_FOUR_0005,33,0,0,DRIVE,1.5666666666666667
num_THIRTY_FOUR_0006,33,0,0,DRIVE,2.3666666666666667
num_THIRTY_FIVE_0001,34,0,0,DRIVE,1.6
num_THIRTY_FIVE_0002,34,0,0,DRIVE,2.0
num_THIRTY_FIVE_0003,34,0,0,DRIVE,2.4
num_THIRTY_FIVE_0004,34,0,0,DRIVE,2.0
num_THIRTY_FIVE_0005,34,0,0,DRIVE,1.9666666666666666
num_THIRTY_FIVE_0006,34,0,0,DRIVE,3.0
num_THIRTY_SIX_0001,35,0,0,DRIVE,2.0
num_THIRTY_SIX_0002,35,0,0,DRIVE,2.966666666666667
num_THIRTY_SIX_0003,35,0,0,DRIVE,2.0
num_THIRTY_SIX_0004,35,0,0,DRIVE,1.6
num_THIRTY_SIX_0005,35,0,0,DRIVE,3.0
num_THIRTY_SIX_0006,35,0,0,DRIVE,1.0
num_THIRTY_SEVEN_0001,36,0,0,DRIVE,1.6
num_THIRTY_SEVEN_0002,36,0,0,DRIVE,2.0
num_THIRTY_SEVEN_0003,36,0,0,DRIVE,3.0
num_THIRTY_SEVEN_0004,36,0,0,DRIVE,2.0
num_THIRTY_SEVEN_0005,36,0,0,DRIVE,1.9666666666666666
num_THIRTY_SEVEN_0006,36,0,0,DRIVE,2.0
num_THIRTY_EIGHT_0001,37,0,0,DRIVE,1.6
num_THIRTY_EIGHT_0002,37,0,0,DRIVE,2.0
num_THIRTY_EIGHT_0003,37,0,0,DRIVE,2.0
num_THIRTY_EIGHT_0004,37,0,0,DRIVE,2.0
num_THIRTY_EIGHT_0005,37,0,0,DRIVE,2.0
num_THIRTY_EIGHT_0006,37,0,0,DRIVE,2.966666666666667
num_THIRTY_NINE_0001,38,0,0,DRIVE,2.0
num_THIRTY_NINE_0002,38,0,0,DRIVE,2.0
num_THIRTY_NINE_0003,38,0,0,DRIVE,2.0
num_THIRTY_NINE_0004,38,0,0,DRIVE,1.0
num_THIRTY_NINE_0005,38,0,0,DRIVE,2.0
num_THIRTY_NINE_0006,38,0,0,DRIVE,2.4
num_FORTY_0003,39,0,0,DRIVE,1.0
num_FORTY_0004,39,0,0,DRIVE,3.0
num_FORTY_0005,39,0,0,DRIVE,1.0666666666666667
num_FORTY_0006,39,0,0,DRIVE,2.0
num_FORTY_0007,39,0,0,DRIVE,2.0
num_FORTY_0008,39,0,0,DRIVE,1.6
num_FORTY_0009,39,0,0,DRIVE,2.0
num_FORTY_0010,39,0,0,DRIVE,1.0
num_FORTY_0011,39,0,0,DRIVE,1.9666666666666666
num_FORTY_0012,39,0,0,DRIVE,3.0
num_FORTY_0013,39,0,0,DRIVE,2.0
num_FORTY_0014,39,0,0,DRIVE,3.0
num_FORTY_0015,39,0,0,DRIVE,3.0
num_FORTY_0016,39,0,0,DRIVE,1.0333333333333334
num_FORTY_0017,39,0,0,DRIVE,2.0
num_FORTY_ONE_0001,40,0,0,DRIVE,2.0
num_FORTY_ONE_0002,40,0,0,DRIVE,2.0
num_FORTY_ONE_0003,40,0,0,DRIVE,3.0
num_FORTY_ONE_0004,40,0,0,DRIVE,3.0
num_FORTY_ONE_0005,40,0,0,DRIVE,1.6
num_FORTY_ONE_0006,40,0,0,DRIVE,3.0
num_FORTY_TWO_0001,41,0,0,DRIVE,2.4
num_FORTY_TWO_0002,41,0,0,DRIVE,2.0
num_FORTY_TWO_0003,41,0,0,DRIVE,2.0
num_FORTY_TWO_0004,41,0,0,DRIVE,2.0
num_FORTY_TWO_0005,41,0,0,DRIVE,1.6
num_FORTY_TWO_0006,41,0,0,DRIVE,2.0
num_FORTY_THREE_0001,42,0,0,DRIVE,1.6
num_FORTY_THREE_0002,42,0,0,DRIVE,2.0
num_FORTY_THREE_0003,42,0,0,DRIVE,2.0
num_FORTY_THREE_0004,42,0,0,DRIVE,2.0
num_FORTY_THREE_0005,42,0,0,DRIVE,2.0
num_FORTY_THREE_0006,42,0,0,DRIVE,2.0
num_FORTY_FOUR_0001,43,0,0,DRIVE,1.5666666666666667
num_FORTY_FOUR_0002,43,0,0,DRIVE,3.0
num_FORTY_FOUR_0003,43,0,0,DRIVE,2.0
num_FORTY_FOUR_0004,43,0,0,DRIVE,2.0
num_FORTY_FOUR_0005,43,0,0,DRIVE,1.5666666666666667
num_FORTY_FOUR_0006,43,0,0,DRIVE,2.0
num_FORTY_FIVE_0001,44,0,0,DRIVE,1.5666666666666667
num_FORTY_FIVE_0002,44,0,0,DRIVE,3.0
num_FORTY_FIVE_0003,44,0,0,DRIVE,3.0
num_FORTY_FIVE_0004,44,0,0,DRIVE,3.0
num_FORTY_FIVE_0005,44,0,0,DRIVE,3.0
num_FORTY_FIVE_0006,44,0,0,DRIVE,2.3666666666666667
num_FORTY_SIX_0001,45,0,0,DRIVE,2.0
num_FORTY_SIX_0002,45,0,0,DRIVE,3.0
num_FORTY_SIX_0003,45,0,0,DRIVE,2.3666666666666667
num_FORTY_SIX_0004,45,0,0,DRIVE,2.0
num_FORTY_SIX_0005,45,0,0,DRIVE,2.0
num_FORTY_SIX_0006,45,0,0,DRIVE,1.5666666666666667
num_FORTY_SEVEN_0001,46,0,0,DRIVE,1.0
num_FORTY_SEVEN_0002,46,0,0,DRIVE,2.0
num_FORTY_SEVEN_0003,46,0,0,DRIVE,1.5666666666666667
num_FORTY_SEVEN_0004,46,0,0,DRIVE,3.0
num_FORTY_SEVEN_0005,46,0,0,DRIVE,3.0
num_FORTY_SEVEN_0006,46,0,0,DRIVE,2.0
num_FORTY_SEVEN_0007,46,0,0,DRIVE,1.9666666666666666
num_FORTY_EIGHT_0001,47,0,0,DRIVE,2.0
num_FORTY_EIGHT_0002,47,0,0,DRIVE,1.9666666666666666
num_FORTY_EIGHT_0003,47,0,0,DRIVE,3.0
num_FORTY_EIGHT_0004,47,0,0,DRIVE,2.0
num_FORTY_EIGHT_0005,47,0,0,DRIVE,2.0
num_FORTY_EIGHT_0006,47,0,0,DRIVE,2.3666666666666667
num_FORTY_NINE_0001,48,0,0,DRIVE,3.0
num_FORTY_NINE_0002,48,0,0,DRIVE,2.0
num_FORTY_NINE_0003,48,0,0,DRIVE,1.0
num_FORTY_NINE_0004,48,0,0,DRIVE,1.5666666666666667
num_FORTY_NINE_0005,48,0,0,DRIVE,1.9666666666666666
num_FORTY_NINE_0006,48,0,0,DRIVE,2.0
num_FIFTY_0003,49,0,0,DRIVE,1.5666666666666667
num_FIFTY_0004,49,0,0,DRIVE,3.0
num_FIFTY_0005,49,0,0,DRIVE,1.9666666666666666
num_FIFTY_0006,49,0,0,DRIVE,1.7666666666666666
num_FIFTY_0007,49,0,0,DRIVE,2.0
num_FIFTY_0008,49,0,0,DRIVE,2.0
num_FIFTY_0009,49,0,0,DRIVE,1.9666666666666666
num_FIFTY_0010,49,0,0,DRIVE,3.0
num_FIFTY_0011,49,0,0,DRIVE,3.0
num_FIFTY_0012,49,0,0,DRIVE,3.0
num_FIFTY_0013,49,0,0,DRIVE,2.3666666666666667
num_FIFTY_0014,49,0,0,DRIVE,2.0
num_FIFTY_0015,49,0,0,DRIVE,1.0666666666666667
num_FIFTY_0016,49,0,0,DRIVE,2.0
num_FIFTY_ONE_0001,50,0,0,DRIVE,2.0
num_FIFTY_ONE_0002,50,0,0,DRIVE,3.0
num_FIFTY_ONE_0003,50,0,0,DRIVE,2.0
num_FIFTY_ONE_0004,50,0,0,DRIVE,1.5666666666666667
num_FIFTY_ONE_0005,50,0,0,DRIVE,1.5666666666666667
num_FIFTY_TWO_0001,51,0,0,DRIVE,3.0
num_FIFTY_TWO_0002,51,0,0,DRIVE,1.6
num_FIFTY_TWO_0003,51,0,0,DRIVE,3.0
num_FIFTY_TWO_0004,51,0,0,DRIVE,2.0
num_FIFTY_TWO_0005,51,0,0,DRIVE,1.5666666666666667
num_FIFTY_THREE_0001,52,0,0,DRIVE,2.0
num_FIFTY_THREE_0002,52,0,0,DRIVE,3.0
num_FIFTY_THREE_0003,52,0,0,DRIVE,1.6
num_FIFTY_THREE_0004,52,0,0,DRIVE,2.0
num_FIFTY_THREE_0005,52,0,0,DRIVE,2.4
num_FIFTY_FOUR_0001,53,0,0,DRIVE,2.0
num_FIFTY_FOUR_0002,53,0,0,DRIVE,1.6
num_FIFTY_FOUR_0003,53,0,0,DRIVE,3.0
num_FIFTY_FOUR_0004,53,0,0,DRIVE,2.0
num_FIFTY_FOUR_0005,53,0,0,DRIVE,1.6
num_FIFTY_FIVE_0001,54,0,0,DRIVE,2.4
num_FIFTY_FIVE_0002,54,0,0,DRIVE,2.0
num_FIFTY_FIVE_0003,54,0,0,DRIVE,3.0
num_FIFTY_FIVE_0004,54,0,0,DRIVE,2.0
num_FIFTY_FIVE_0005,54,0,0,DRIVE,1.6
num_FIFTY_FIVE_0006,54,0,0,DRIVE,3.0
num_FIFTY_SIX_0001,55,0,0,DRIVE,1.5666666666666667
num_FIFTY_SIX_0002,55,0,0,DRIVE,1.6
num_FIFTY_SIX_0003,55,0,0,DRIVE,2.0
num_FIFTY_SIX_0004,55,0,0,DRIVE,3.0
num_FIFTY_SIX_0005,55,0,0,DRIVE,2.0
num_FIFTY_SEVEN_0001,56,0,0,DRIVE,2.0
num_FIFTY_SEVEN_0002,56,0,0,DRIVE,1.9666666666666666
num_FIFTY_SEVEN_0003,56,0,0,DRIVE,2.0
num_FIFTY_SEVEN_0004,56,0,0,DRIVE,1.5666666666666667
num_FIFTY_SEVEN_0005,56,0,0,DRIVE,3.0
num_FIFTY_EIGHT_0001,57,0,0,DRIVE,2.966666666666667
num_FIFTY_EIGHT_0002,57,0,0,DRIVE,2.0
num_FIFTY_EIGHT_0003,57,0,0,DRIVE,1.6
num_FIFTY_EIGHT_0004,57,0,0,DRIVE,3.0
num_FIFTY_EIGHT_0005,57,0,0,DRIVE,1.5666666666666667
num_FIFTY_NINE_0001,58,0,0,DRIVE,1.9666666666666666
num_FIFTY_NINE_0002,58,0,0,DRIVE,3.0
num_FIFTY_NINE_0003,58,0,0,DRIVE,1.6
num_FIFTY_NINE_0004,58,0,0,DRIVE,2.4
num_FIFTY_NINE_0005,58,0,0,DRIVE,2.0
num_SIXTY_0003,59,0,0,DRIVE,1.9666666666666666
num_SIXTY_0004,59,0,0,DRIVE,3.0
num_SIXTY_0005,59,0,0,DRIVE,1.6
num_SIXTY_0006,59,0,0,DRIVE,2.0
num_SIXTY_0007,59,0,0,DRIVE,3.0
num_SIXTY_0008,59,0,0,DRIVE,1.0
num_SIXTY_0009,59,0,0,DRIVE,1.7333333333333334
num_SIXTY_0010,59,0,0,DRIVE,3.0
num_SIXTY_0011,59,0,0,DRIVE,3.0
num_SIXTY_0012,59,0,0,DRIVE,3.0
num_SIXTY_0013,59,0,0,DRIVE,2.1666666666666665
num_SIXTY_0014,59,0,0,DRIVE,2.0
num_SIXTY_ONE_0001,60,0,0,DRIVE,2.3666666666666667
num_SIXTY_ONE_0002,60,0,0,DRIVE,2.0
num_SIXTY_ONE_0003,60,0,0,DRIVE,3.0
num_SIXTY_ONE_0004,60,0,0,DRIVE,1.6
num_SIXTY_ONE_0005,60,0,0,DRIVE,2.0
num_SIXTY_TWO_0001,61,0,0,DRIVE,2.3666666666666667
num_SIXTY_TWO_0002,61,0,0,DRIVE,2.0
num_SIXTY_TWO_0003,61,0,0,DRIVE,3.0
num_SIXTY_TWO_0004,61,0,0,DRIVE,1.5666666666666667
num_SIXTY_TWO_0005,61,0,0,DRIVE,2.0
num_SIXTY_THREE_0001,62,0,0,DRIVE,1.5666666666666667
num_SIXTY_THREE_0002,62,0,0,DRIVE,2.0
num_SIXTY_THREE_0003,62,0,0,DRIVE,2.0
num_SIXTY_THREE_0004,62,0,0,DRIVE,2.0
num_SIXTY_THREE_0005,62,0,0,DRIVE,3.0
num_SIXTY_FOUR_0001,63,0,0,DRIVE,3.0
num_SIXTY_FOUR_0002,63,0,0,DRIVE,1.5666666666666667
num_SIXTY_FOUR_0003,63,0,0,DRIVE,2.0
num_SIXTY_FOUR_0004,63,0,0,DRIVE,3.0
num_SIXTY_FOUR_0005,63,0,0,DRIVE,2.0
num_SIXTY_FIVE_0001,64,0,0,DRIVE,1.5666666666666667
num_SIXTY_FIVE_0002,64,0,0,DRIVE,2.0
num_SIXTY_FIVE_0003,64,0,0,DRIVE,3.0
num_SIXTY_FIVE_0004,64,0,0,DRIVE,2.0
num_SIXTY_FIVE_0005,64,0,0,DRIVE,1.6
num_SIXTY_SIX_0001,65,0,0,DRIVE,2.3666666666666667
num_SIXTY_SIX_0002,65,0,0,DRIVE,2.0
num_SIXTY_SIX_0003,65,0,0,DRIVE,2.0
num_SIXTY_SIX_0004,65,0,0,DRIVE,2.4
num_SIXTY_SIX_0005,65,0,0,DRIVE,2.0
num_SIXTY_SEVEN_0001,66,0,0,DRIVE,1.6
num_SIXTY_SEVEN_0002,66,0,0,DRIVE,1.5666666666666667
num_SIXTY_SEVEN_0003,66,0,0,DRIVE,3.0
num_SIXTY_SEVEN_0004,66,0,0,DRIVE,3.0
num_SIXTY_SEVEN_0005,66,0,0,DRIVE,2.0
num_SIXTY_EIGHT_0001,67,0,0,DRIVE,3.0
num_SIXTY_EIGHT_0002,67,0,0,DRIVE,2.3666666666666667
num_SIXTY_EIGHT_0003,67,0,0,DRIVE,3.0
num_SIXTY_EIGHT_0004,67,0,0,DRIVE,3.0
num_SIXTY_EIGHT_0005,67,0,0,DRIVE,1.9666666666666666
num_SIXTY_NINE_0001,68,0,0,DRIVE,3.0
num_SIXTY_NINE_0002,68,0,0,DRIVE,1.5666666666666667
num_SIXTY_NINE_0003,68,0,0,DRIVE,2.0
num_SIXTY_NINE_0004,68,0,0,DRIVE,2.966666666666667
num_SIXTY_NINE_0005,68,0,0,DRIVE,1.6
num_SEVENTY_0003,69,0,0,DRIVE,3.0
num_SEVENTY_0004,69,0,0,DRIVE,1.0
num_SEVENTY_0005,69,0,0,DRIVE,3.0
num_SEVENTY_0006,69,0,0,DRIVE,3.0
num_SEVENTY_0007,69,0,0,DRIVE,2.6
num_SEVENTY_0008,69,0,0,DRIVE,1.9666666666666666
num_SEVENTY_0009,69,0,0,DRIVE,2.1
num_SEVENTY_0010,69,0,0,DRIVE,2.0
num_SEVENTY_0011,69,0,0,DRIVE,3.0
num_SEVENTY_0012,69,0,0,DRIVE,1.5666666666666667
num_SEVENTY_0013,69,0,0,DRIVE,2.0
num_SEVENTY_0014,69,0,0,DRIVE,3.0
num_SEVENTY_0015,69,0,0,DRIVE,2.0
num_SEVENTY_0016,69,0,0,DRIVE,3.0
num_SEVENTY_ONE_0001,70,0,0,DRIVE,2.0
num_SEVENTY_ONE_0002,70,0,0,DRIVE,1.6
num_SEVENTY_ONE_0003,70,0,0,DRIVE,1.6
num_SEVENTY_ONE_0004,70,0,0,DRIVE,3.0
num_SEVENTY_ONE_0005,70,0,0,DRIVE,3.0
num_SEVENTY_TWO_0001,71,0,0,DRIVE,2.0
num_SEVENTY_TWO_0002,71,0,0,DRIVE,3.0
num_SEVENTY_TWO_0003,71,0,0,DRIVE,2.0
num_SEVENTY_TWO_0004,71,0,0,DRIVE,1.6
num_SEVENTY_TWO_0005,71,0,0,DRIVE,1.6
num_SEVENTY_THREE_0001,72,0,0,DRIVE,2.0
num_SEVENTY_THREE_0002,72,0,0,DRIVE,2.0
num_SEVENTY_THREE_0003,72,0,0,DRIVE,3.0
num_SEVENTY_THREE_0004,72,0,0,DRIVE,3.0
num_SEVENTY_THREE_0005,72,0,0,DRIVE,1.6
num_SEVENTY_FOUR_0001,73,0,0,DRIVE,1.6
num_SEVENTY_FOUR_0002,73,0,0,DRIVE,2.0
num_SEVENTY_FOUR_0003,73,0,0,DRIVE,2.0
num_SEVENTY_FOUR_0004,73,0,0,DRIVE,1.6
num_SEVENTY_FOUR_0005,73,0,0,DRIVE,3.0
num_SEVENTY_FIVE_0001,74,0,0,DRIVE,2.4
num_SEVENTY_FIVE_0002,74,0,0,DRIVE,2.0
num_SEVENTY_FIVE_0003,74,0,0,DRIVE,1.5666666666666667
num_SEVENTY_FIVE_0004,74,0,0,DRIVE,2.0
num_SEVENTY_FIVE_0005,74,0,0,DRIVE,3.0
num_SEVENTY_SIX_0001,75,0,0,DRIVE,2.0
num_SEVENTY_SIX_0002,75,0,0,DRIVE,2.0
num_SEVENTY_SIX_0003,75,0,0,DRIVE,1.6
num_SEVENTY_SIX_0004,75,0,0,DRIVE,1.0
num_SEVENTY_SIX_0005,75,0,0,DRIVE,2.0
num_SEVENTY_SEVEN_0001,76,0,0,DRIVE,1.6
num_SEVENTY_SEVEN_0002,76,0,0,DRIVE,2.0
num_SEVENTY_SEVEN_0003,76,0,0,DRIVE,3.0
num_SEVENTY_SEVEN_0004,76,0,0,DRIVE,2.0
num_SEVENTY_SEVEN_0005,76,0,0,DRIVE,2.0
num_SEVENTY_EIGHT_0001,77,0,0,DRIVE,2.3666666666666667
num_SEVENTY_EIGHT_0002,77,0,0,DRIVE,1.6
num_SEVENTY_EIGHT_0003,77,0,0,DRIVE,3.0
num_SEVENTY_EIGHT_0004,77,0,0,DRIVE,3.0
num_SEVENTY_EIGHT_0005,77,0,0,DRIVE,2.0
num_SEVENTY_NINE_0001,78,0,0,DRIVE,2.0
num_SEVENTY_NINE_0002,78,0,0,DRIVE,3.0
num_SEVENTY_NINE_0003,78,0,0,DRIVE,1.5666666666666667
num_SEVENTY_NINE_0004,78,0,0,DRIVE,2.0
num_SEVENTY_NINE_0005,78,0,0,DRIVE,2.0
num_EIGHTY_0003,79,0,0,DRIVE,1.7333333333333334
num_EIGHTY_0004,79,0,0,DRIVE,2.0
num_EIGHTY_0005,79,0,0,DRIVE,2.0
num_EIGHTY_0006,79,0,0,DRIVE,3.0
num_EIGHTY_0007,79,0,0,DRIVE,2.966666666666667
num_EIGHTY_0008,79,0,0,DRIVE,2.0
num_EIGHTY_0009,79,0,0,DRIVE,2.0
num_EIGHTY_0010,79,0,0,DRIVE,1.9666666666666666
num_EIGHTY_0011,79,0,0,DRIVE,1.0
num_EIGHTY_0012,79,0,0,DRIVE,1.6
num_EIGHTY_0013,79,0,0,DRIVE,2.0
num_EIGHTY_0014,79,0,0,DRIVE,3.0
num_EIGHTY_ONE_0001,80,0,0,DRIVE,2.3666666666666667
num_EIGHTY_ONE_0002,80,0,0,DRIVE,3.0
num_EIGHTY_ONE_0003,80,0,0,DRIVE,1.5666666666666667
num_EIGHTY_ONE_0004,80,0,0,DRIVE,2.966666666666667
num_EIGHTY_ONE_0005,80,0,0,DRIVE,2.0
num_EIGHTY_TWO_0001,81,0,0,DRIVE,1.9666666666666666
num_EIGHTY_TWO_0002,81,0,0,DRIVE,3.0
num_EIGHTY_TWO_0003,81,0,0,DRIVE,2.0
num_EIGHTY_TWO_0004,81,0,0,DRIVE,2.0
num_EIGHTY_TWO_0005,81,0,0,DRIVE,1.5666666666666667
num_EIGHTY_THREE_0001,82,0,0,DRIVE,2.0
num_EIGHTY_THREE_0002,82,0,0,DRIVE,2.0
num_EIGHTY_THREE_0003,82,0,0,DRIVE,2.0
num_EIGHTY_THREE_0004,82,0,0,DRIVE,1.5666666666666667
num_EIGHTY_THREE_0005,82,0,0,DRIVE,1.5666666666666667
num_EIGHTY_FOUR_0001,83,0,0,DRIVE,2.0
num_EIGHTY_FOUR_0002,83,0,0,DRIVE,2.3666666666666667
num_EIGHTY_FOUR_0003,83,0,0,DRIVE,1.6
num_EIGHTY_FOUR_0004,83,0,0,DRIVE,3.0
num_EIGHTY_FOUR_0005,83,0,0,DRIVE,2.966666666666667
num_EIGHTY_FIVE_0001,84,0,0,DRIVE,2.0
num_EIGHTY_FIVE_0002,84,0,0,DRIVE,1.9666666666666666
num_EIGHTY_FIVE_0003,84,0,0,DRIVE,1.5666666666666667
num_EIGHTY_FIVE_0004,84,0,0,DRIVE,3.0
num_EIGHTY_FIVE_0005,84,0,0,DRIVE,1.0
num_EIGHTY_SIX_0001,85,0,0,DRIVE,3.0
num_EIGHTY_SIX_0002,85,0,0,DRIVE,1.5666666666666667
num_EIGHTY_SIX_0003,85,0,0,DRIVE,2.0
num_EIGHTY_SIX_0004,85,0,0,DRIVE,1.6
num_EIGHTY_SIX_0005,85,0,0,DRIVE,2.0
num_EIGHTY_SEVEN_0001,86,0,0,DRIVE,3.0
num_EIGHTY_SEVEN_0002,86,0,0,DRIVE,3.0
num_EIGHTY_SEVEN_0003,86,0,0,DRIVE,3.0
num_EIGHTY_SEVEN_0004,86,0,0,DRIVE,3.0
num_EIGHTY_SEVEN_0005,86,0,0,DRIVE,1.5666666666666667
num_EIGHTY_EIGHT_0001,87,0,0,DRIVE,3.0
num_EIGHTY_EIGHT_0002,87,0,0,DRIVE,2.0
num_EIGHTY_EIGHT_0003,87,0,0,DRIVE,2.0
num_EIGHTY_EIGHT_0004,87,0,0,DRIVE,1.5666666666666667
num_EIGHTY_EIGHT_0005,87,0,0,DRIVE,2.0
num_EIGHTY_NINE_0001,88,0,0,DRIVE,3.0
num_EIGHTY_NINE_0002,88,0,0,DRIVE,2.0
num_EIGHTY_NINE_0003,88,0,0,DRIVE,3.0
num_EIGHTY_NINE_0004,88,0,0,DRIVE,1.5666666666666667
num_EIGHTY_NINE_0005,88,0,0,DRIVE,2.4
num_NINETY_0003,89,0,0,DRIVE,2.0
num_NINETY_0004,89,0,0,DRIVE,2.0
num_NINETY_0005,89,0,0,DRIVE,2.0
num_NINETY_0006,89,0,0,DRIVE,2.0
num_NINETY_0007,89,0,0,DRIVE,1.0
num_NINETY_0008,89,0,0,DRIVE,2.0
num_NINETY_0009,89,0,0,DRIVE,2.0
num_NINETY_0010,89,0,0,DRIVE,1.9666666666666666
num_NINETY_0011,89,0,0,DRIVE,2.0
num_NINETY_0012,89,0,0,DRIVE,3.0
num_NINETY_0013,89,0,0,DRIVE,2.6333333333333333
num_NINETY_0014,89,0,0,DRIVE,3.0
num_NINETY_0015,89,0,0,DRIVE,3.0
num_NINETY_ONE_0001,90,0,0,DRIVE,2.0
num_NINETY_ONE_0002,90,0,0,DRIVE,3.0
num_NINETY_ONE_0003,90,0,0,DRIVE,3.0
num_NINETY_ONE_0004,90,0,0,DRIVE,1.6
num_NINETY_ONE_0005,90,0,0,DRIVE,1.6
num_NINETY_TWO_0001,91,0,0,DRIVE,3.0
num_NINETY_TWO_0002,91,0,0,DRIVE,1.6
num_NINETY_TWO_0003,91,0,0,DRIVE,1.6
num_NINETY_TWO_0004,91,0,0,DRIVE,2.0
num_NINETY_TWO_0005,91,0,0,DRIVE,2.0
num_NINETY_THREE_0001,92,0,0,DRIVE,2.0
num_NINETY_THREE_0002,92,0,0,DRIVE,2.0
num_NINETY_THREE_0003,92,0,0,DRIVE,2.966666666666667
num_NINETY_THREE_0004,92,0,0,DRIVE,3.0
num_NINETY_THREE_0005,92,0,0,DRIVE,2.4
num_NINETY_FOUR_0001,93,0,0,DRIVE,1.9666666666666666
num_NINETY_FOUR_0002,93,0,0,DRIVE,2.0
num_NINETY_FOUR_0003,93,0,0,DRIVE,1.6
num_NINETY_FOUR_0004,93,0,0,DRIVE,3.0
num_NINETY_FOUR_0005,93,0,0,DRIVE,1.5666666666666667
num_NINETY_FIVE_0001,94,0,0,DRIVE,1.0
num_NINETY_FIVE_0002,94,0,0,DRIVE,3.0
num_NINETY_FIVE_0003,94,0,0,DRIVE,1.9666666666666666
num_NINETY_FIVE_0004,94,0,0,DRIVE,2.0
num_NINETY_FIVE_0005,94,0,0,DRIVE,1.5666666666666667
num_NINETY_SIX_0001,95,0,0,DRIVE,2.0
num_NINETY_SIX_0002,95,0,0,DRIVE,2.966666666666667
num_NINETY_SIX_0003,95,0,0,DRIVE,1.6
num_NINETY_SIX_0004,95,0,0,DRIVE,3.0
num_NINETY_SIX_0005,95,0,0,DRIVE,2.0
num_NINETY_SEVEN_0001,96,0,0,DRIVE,3.0
num_NINETY_SEVEN_0002,96,0,0,DRIVE,1.9666666666666666
num_NINETY_SEVEN_0003,96,0,0,DRIVE,2.0
num_NINETY_SEVEN_0004,96,0,0,DRIVE,3.0
num_NINETY_SEVEN_0005,96,0,0,DRIVE,2.3666666666666667
num_NINETY_EIGHT_0001,97,0,0,DRIVE,2.0
num_NINETY_EIGHT_0002,97,0,0,DRIVE,2.0
num_NINETY_EIGHT_0003,97,0,0,DRIVE,1.9666666666666666
num_NINETY_EIGHT_0004,97,0,0,DRIVE,1.5666666666666667
num_NINETY_EIGHT_0005,97,0,0,DRIVE,1.6
num_NINETY_NINE_0001,98,0,0,DRIVE,1.6
num_NINETY_NINE_0002,98,0,0,DRIVE,2.0
num_NINETY_NINE_0003,98,0,0,DRIVE,2.0
num_NINETY_NINE_0004,98,0,0,DRIVE,2.0
num_NINETY_NINE_0005,98,0,0,DRIVE,2.3666666666666667
num_NINETY_NINE_0006,98,0,0,DRIVE,3.0
num_ONE_HUNDRED_0003,99,0,0,DRIVE,2.966666666666667
num_ONE_HUNDRED_0004,99,0,0,DRIVE,3.0
num_ONE_HUNDRED_0005,99,0,0,DRIVE,1.5666666666666667
num_ONE_HUNDRED_0006,99,0,0,DRIVE,3.0
num_ONE_HUNDRED_0007,99,0,0,DRIVE,3.0
num_ONE_HUNDRED_0008,99,0,0,DRIVE,1.5666666666666667
num_ONE_HUNDRED_0009,99,0,0,DRIVE,2.0
num_ONE_HUNDRED_0010,99,0,0,DRIVE,2.0
num_ONE_HUNDRED_0011,99,0,0,DRIVE,2.0
num_ONE_HUNDRED_0012,99,0,0,DRIVE,2.0
num_ONE_HUNDRED_0013,99,0,0,DRIVE,3.0
num_ONE_HUNDRED_0014,99,0,0,DRIVE,2.0
num_ONE_HUNDRED_0015,99,0,0,DRIVE,3.0
num_ONE_HUNDRED_0016,99,0,0,DRIVE,3.0
num_TWO_HUNDRED_0000,100,0,0,DRIVE,2.0
num_TWO_HUNDRED_0001,100,0,0,DRIVE,3.0
num_TWO_HUNDRED_0002,100,0,0,DRIVE,2.533333333333333
num_THREE_HUNDRED_0000,101,0,0,DRIVE,3.0
num_THREE_HUNDRED_0001,101,0,0,DRIVE,1.0
num_THREE_HUNDRED_0002,101,0,0,DRIVE,2.566666666666667
num_FOUR_HUNDRED_0000,102,0,0,DRIVE,2.0
num_FOUR_HUNDRED_0001,102,0,0,DRIVE,1.7333333333333334
num_FOUR_HUNDRED_0002,102,0,0,DRIVE,3.0
num_FIVE_HUNDRED_0000,103,0,0,DRIVE,1.0
num_FIVE_HUNDRED_0001,103,0,0,DRIVE,1.7333333333333334
num_FIVE_HUNDRED_0002,103,0,0,DRIVE,3.0
num_SIX_HUNDRED_0000,104,0,0,DRIVE,3.0
num_SIX_HUNDRED_0001,104,0,0,DRIVE,2.6333333333333333
num_SEVEN_HUNDRED_0000,105,0,0,DRIVE,2.0
num_SEVEN_HUNDRED_0001,105,0,0,DRIVE,1.7333333333333334
num_EIGHT_HUNDRED_0000,106,0,0,DRIVE,3.0
num_EIGHT_HUNDRED_0001,106,0,0,DRIVE,1.7333333333333334
num_NINE_HUNDRED_0000,107,0,0,DRIVE,3.0
num_NINE_HUNDRED_0001,107,0,0,DRIVE,2.6
num_ONE_THOUSAND_0001,108,0,0,DRIVE,2.0
num_ONE_THOUSAND_0002,108,0,0,DRIVE,3.0
num_ONE_THOUSAND_0003,108,0,0,DRIVE,3.0
num_ONE_THOUSAND_0004,108,0,0,DRIVE,3.0
num_TWO_THOUSAND_0000,109,0,0,DRIVE,1.0
num_THREE_THOUSAND_0000,110,0,0,DRIVE,2.0
num_FOUR_THOUSAND_0000,111,0,0,DRIVE,2.0
num_FIVE_THOUSAND_0000,112,0,0,DRIVE,1.9666666666666666
num_ONE_MILLION_0000,113,0,0,DRIVE,3.0
num_ONE_MILLION_0001,113,0,0,DRIVE,3.0
num_ONE_BILLION_0000,114,0,0,DRIVE,3.0
num_ONE_BILLION_0001,114,0,0,DRIVE,3.0
num_ONE_TRILLION_0000,115,0,0,DRIVE,3.0
num_ONE_TRILLION_0001,115,0,0,DRIVE,3.0
nl_116_letter_A_0108,116,1,0,ALPH,1.0
nl_116_letter_A_0119,116,1,0,ALPH,1.0
nl_116_letter_A_0124,116,1,0,ALPH,1.0
nl_116_letter_A_0125,116,1,0,ALPH,1.0
nl_116_letter_A_0127,116,1,0,ALPH,1.0
nl_116_letter_A_0128,116,1,0,ALPH,1.0
nl_116_letter_A_0139,116,1,0,ALPH,1.0
nl_116_letter_A_0140,116,1,0,ALPH,1.0
nl_116_letter_A_0168,116,1,0,ALPH,1.0
nl_116_letter_A_0169,116,1,0,ALPH,1.0
nl_116_letter_A_0170,116,1,0,ALPH,1.0
nl_116_letter_A_0190,116,1,0,ALPH,1.0
nl_116_letter_A_0191,116,1,0,ALPH,1.0
nl_116_letter_A_0195,116,1,0,ALPH,1.0
nl_116_letter_A_0197,116,1,0,ALPH,1.0
nl_116_letter_A_0202,116,1,0,ALPH,1.0
nl_116_letter_A_0207,116,1,0,ALPH,1.0
nl_116_letter_A_0209,116,1,0,ALPH,1.0
nl_116_letter_A_0210,116,1,0,ALPH,1.0
nl_116_letter_A_0211,116,1,0,ALPH,1.0
nl_116_letter_A_0213,116,1,0,ALPH,1.0
nl_116_letter_A_0216,116,1,0,ALPH,1.0
nl_116_letter_A_0219,116,1,0,ALPH,1.0
nl_116_letter_A_0220,116,1,0,ALPH,1.0
nl_116_letter_A_0221,116,1,0,ALPH,1.0
nl_116_letter_A_0222,116,1,0,ALPH,1.0
nl_116_letter_A_0223,116,1,0,ALPH,1.0
nl_116_letter_A_0224,116,1,0,ALPH,1.0
nl_116_letter_A_0226,116,1,0,ALPH,1.0
nl_116_letter_A_0227,116,1,0,ALPH,1.0
nl_116_letter_A_0230,116,1,0,ALPH,1.0
nl_116_letter_A_0242,116,1,0,ALPH,1.0
nl_116_letter_A_0244,116,1,0,ALPH,1.0
nl_116_letter_A_0250,116,1,0,ALPH,1.0
nl_116_letter_A_0253,116,1,0,ALPH,1.0
nl_116_letter_A_0268,116,1,0,ALPH,1.0
nl_116_letter_A_0274,116,1,0,ALPH,1.0
nl_116_letter_A_0275,116,1,0,ALPH,1.0
nl_116_letter_A_0276,116,1,0,ALPH,1.0
nl_116_letter_A_0278,116,1,0,ALPH,1.0
nl_116_letter_A_0279,116,1,0,ALPH,1.0
nl_116_letter_A_0280,116,1,0,ALPH,1.0
nl_116_letter_A_0281,116,1,0,ALPH,1.0
nl_116_letter_A_0282,116,1,0,ALPH,1.0
nl_116_letter_A_0283,116,1,0,ALPH,1.0
nl_116_letter_A_0284,116,1,0,ALPH,1.0
nl_116_letter_A_0285,116,1,0,ALPH,1.0
nl_116_letter_A_0286,116,1,0,ALPH,1.0
nl_116_letter_A_0287,116,1,0,ALPH,1.0
nl_116_letter_A_0288,116,1,0,ALPH,1.0
nl_116_letter_A_0289,116,1,0,ALPH,1.0
nl_116_letter_A_0290,116,1,0,ALPH,1.0
nl_116_letter_A_0291,116,1,0,ALPH,1.0
nl_116_letter_A_0292,116,1,0,ALPH,1.0
nl_116_letter_A_0293,116,1,0,ALPH,1.0
nl_116_letter_A_0296,116,1,0,ALPH,1.0
nl_116_letter_A_0298,116,1,0,ALPH,1.0
nl_116_letter_A_0299,116,1,0,ALPH,1.0
nl_117_letter_B_0060,117,1,0,ALPH,1.0
nl_117_letter_B_0061,117,1,0,ALPH,1.0
nl_117_letter_B_0062,117,1,0,ALPH,1.0
nl_117_letter_B_0063,117,1,0,ALPH,1.0
nl_117_letter_B_0065,117,1,0,ALPH,1.0
nl_117_letter_B_0066,117,1,0,ALPH,1.0
nl_117_letter_B_0067,117,1,0,ALPH,1.0
nl_117_letter_B_0068,117,1,0,ALPH,1.0
nl_117_letter_B_0069,117,1,0,ALPH,1.0
nl_117_letter_B_0070,117,1,0,ALPH,1.0
nl_117_letter_B_0071,117,1,0,ALPH,1.0
nl_117_letter_B_0072,117,1,0,ALPH,1.0
nl_117_letter_B_0073,117,1,0,ALPH,1.0
nl_117_letter_B_0074,117,1,0,ALPH,1.0
nl_117_letter_B_0075,117,1,0,ALPH,1.0
nl_117_letter_B_0076,117,1,0,ALPH,1.0
nl_117_letter_B_0077,117,1,0,ALPH,1.0
nl_117_letter_B_0078,117,1,0,ALPH,1.0
nl_117_letter_B_0080,117,1,0,ALPH,1.0
nl_117_letter_B_0081,117,1,0,ALPH,1.0
nl_117_letter_B_0085,117,1,0,ALPH,1.0
nl_117_letter_B_0087,117,1,0,ALPH,1.0
nl_117_letter_B_0088,117,1,0,ALPH,1.0
nl_117_letter_B_0089,117,1,0,ALPH,1.0
nl_117_letter_B_0090,117,1,0,ALPH,1.0
nl_117_letter_B_0091,117,1,0,ALPH,1.0
nl_117_letter_B_0092,117,1,0,ALPH,1.0
nl_117_letter_B_0094,117,1,0,ALPH,1.0
nl_117_letter_B_0095,117,1,0,ALPH,1.0
nl_117_letter_B_0096,117,1,0,ALPH,1.0
nl_117_letter_B_0097,117,1,0,ALPH,1.0
nl_117_letter_B_0099,117,1,0,ALPH,1.0
nl_117_letter_B_0100,117,1,0,ALPH,1.0
nl_117_letter_B_0101,117,1,0,ALPH,1.0
nl_117_letter_B_0104,117,1,0,ALPH,1.0
nl_117_letter_B_0105,117,1,0,ALPH,1.0
nl_117_letter_B_0106,117,1,0,ALPH,1.0
nl_117_letter_B_0108,117,1,0,ALPH,1.0
nl_117_letter_B_0109,117,1,0,ALPH,1.0
nl_117_letter_B_0110,117,1,0,ALPH,1.0
nl_117_letter_B_0111,117,1,0,ALPH,1.0
nl_117_letter_B_0112,117,1,0,ALPH,1.0
nl_117_letter_B_0113,117,1,0,ALPH,1.0
nl_117_letter_B_0114,117,1,0,ALPH,1.0
nl_117_letter_B_0115,117,1,0,ALPH,1.0
nl_117_letter_B_0116,117,1,0,ALPH,1.0
nl_117_letter_B_0117,117,1,0,ALPH,1.0
nl_117_letter_B_0118,117,1,0,ALPH,1.0
nl_117_letter_B_0121,117,1,0,ALPH,1.0
nl_117_letter_B_0122,117,1,0,ALPH,1.0
nl_117_letter_B_0123,117,1,0,ALPH,1.0
nl_117_letter_B_0124,117,1,0,ALPH,1.0
nl_117_letter_B_0125,117,1,0,ALPH,1.0
nl_117_letter_B_0126,117,1,0,ALPH,1.0
nl_117_letter_B_0127,117,1,0,ALPH,1.0
nl_117_letter_B_0130,117,1,0,ALPH,1.0
nl_117_letter_B_0131,117,1,0,ALPH,1.0
nl_117_letter_B_0132,117,1,0,ALPH,1.0
nl_117_letter_B_0133,117,1,0,ALPH,1.0
nl_117_letter_B_0134,117,1,0,ALPH,1.0
nl_117_letter_B_0135,117,1,0,ALPH,1.0
nl_117_letter_B_0136,117,1,0,ALPH,1.0
nl_117_letter_B_0137,117,1,0,ALPH,1.0
nl_117_letter_B_0138,117,1,0,ALPH,1.0
nl_117_letter_B_0139,117,1,0,ALPH,1.0
nl_117_letter_B_0141,117,1,0,ALPH,1.0
nl_117_letter_B_0142,117,1,0,ALPH,1.0
nl_117_letter_B_0143,117,1,0,ALPH,1.0
nl_117_letter_B_0144,117,1,0,ALPH,1.0
nl_117_letter_B_0145,117,1,0,ALPH,1.0
nl_117_letter_B_0146,117,1,0,ALPH,1.0
nl_117_letter_B_0147,117,1,0,ALPH,1.0
nl_117_letter_B_0148,117,1,0,ALPH,1.0
nl_117_letter_B_0150,117,1,0,ALPH,1.0
nl_117_letter_B_0151,117,1,0,ALPH,1.0
nl_117_letter_B_0152,117,1,0,ALPH,1.0
nl_117_letter_B_0153,117,1,0,ALPH,1.0
nl_117_letter_B_0154,117,1,0,ALPH,1.0
nl_117_letter_B_0155,117,1,0,ALPH,1.0
nl_117_letter_B_0156,117,1,0,ALPH,1.0
nl_117_letter_B_0157,117,1,0,ALPH,1.0
nl_117_letter_B_0158,117,1,0,ALPH,1.0
nl_117_letter_B_0159,117,1,0,ALPH,1.0
nl_117_letter_B_0160,117,1,0,ALPH,1.0
nl_117_letter_B_0161,117,1,0,ALPH,1.0
nl_117_letter_B_0162,117,1,0,ALPH,1.0
nl_117_letter_B_0164,117,1,0,ALPH,1.0
nl_117_letter_B_0165,117,1,0,ALPH,1.0
nl_117_letter_B_0168,117,1,0,ALPH,1.0
nl_117_letter_B_0169,117,1,0,ALPH,1.0
nl_117_letter_B_0170,117,1,0,ALPH,1.0
nl_117_letter_B_0175,117,1,0,ALPH,1.0
nl_117_letter_B_0177,117,1,0,ALPH,1.0
nl_117_letter_B_0178,117,1,0,ALPH,1.0
nl_117_letter_B_0179,117,1,0,ALPH,1.0
nl_117_letter_B_0180,117,1,0,ALPH,1.0
nl_117_letter_B_0181,117,1,0,ALPH,1.0
nl_117_letter_B_0182,117,1,0,ALPH,1.0
nl_117_letter_B_0183,117,1,0,ALPH,1.0
nl_117_letter_B_0184,117,1,0,ALPH,1.0
nl_117_letter_B_0185,117,1,0,ALPH,1.0
nl_117_letter_B_0187,117,1,0,ALPH,1.0
nl_117_letter_B_0191,117,1,0,ALPH,1.0
nl_117_letter_B_0202,117,1,0,ALPH,1.0
nl_117_letter_B_0205,117,1,0,ALPH,1.0
nl_117_letter_B_0206,117,1,0,ALPH,1.0
nl_117_letter_B_0207,117,1,0,ALPH,1.0
nl_117_letter_B_0208,117,1,0,ALPH,1.0
nl_117_letter_B_0209,117,1,0,ALPH,1.0
nl_117_letter_B_0210,117,1,0,ALPH,1.0
nl_117_letter_B_0211,117,1,0,ALPH,1.0
nl_117_letter_B_0212,117,1,0,ALPH,1.0
nl_117_letter_B_0214,117,1,0,ALPH,1.0
nl_117_letter_B_0215,117,1,0,ALPH,1.0
nl_117_letter_B_0216,117,1,0,ALPH,1.0
nl_117_letter_B_0217,117,1,0,ALPH,1.0
nl_117_letter_B_0219,117,1,0,ALPH,1.0
nl_117_letter_B_0220,117,1,0,ALPH,1.0
nl_117_letter_B_0221,117,1,0,ALPH,1.0
nl_117_letter_B_0222,117,1,0,ALPH,1.0
nl_117_letter_B_0223,117,1,0,ALPH,1.0
nl_117_letter_B_0224,117,1,0,ALPH,1.0
nl_117_letter_B_0225,117,1,0,ALPH,1.0
nl_117_letter_B_0226,117,1,0,ALPH,1.0
nl_117_letter_B_0229,117,1,0,ALPH,1.0
nl_117_letter_B_0230,117,1,0,ALPH,1.0
nl_117_letter_B_0231,117,1,0,ALPH,1.0
nl_117_letter_B_0232,117,1,0,ALPH,1.0
nl_117_letter_B_0235,117,1,0,ALPH,1.0
nl_117_letter_B_0236,117,1,0,ALPH,1.0
nl_117_letter_B_0237,117,1,0,ALPH,1.0
nl_117_letter_B_0238,117,1,0,ALPH,1.0
nl_117_letter_B_0239,117,1,0,ALPH,1.0
nl_117_letter_B_0240,117,1,0,ALPH,1.0
nl_117_letter_B_0241,117,1,0,ALPH,1.0
nl_117_letter_B_0242,117,1,0,ALPH,1.0
nl_117_letter_B_0243,117,1,0,ALPH,1.0
nl_117_letter_B_0246,117,1,0,ALPH,1.0
nl_117_letter_B_0248,117,1,0,ALPH,1.0
nl_117_letter_B_0249,117,1,0,ALPH,1.0
nl_117_letter_B_0250,117,1,0,ALPH,1.0
nl_117_letter_B_0251,117,1,0,ALPH,1.0
nl_117_letter_B_0252,117,1,0,ALPH,1.0
nl_117_letter_B_0253,117,1,0,ALPH,1.0
nl_117_letter_B_0254,117,1,0,ALPH,1.0
nl_117_letter_B_0255,117,1,0,ALPH,1.0
nl_117_letter_B_0257,117,1,0,ALPH,1.0
nl_117_letter_B_0258,117,1,0,ALPH,1.0
nl_117_letter_B_0259,117,1,0,ALPH,1.0
nl_117_letter_B_0260,117,1,0,ALPH,1.0
nl_117_letter_B_0261,117,1,0,ALPH,1.0
nl_117_letter_B_0262,117,1,0,ALPH,1.0
nl_117_letter_B_0263,117,1,0,ALPH,1.0
nl_117_letter_B_0264,117,1,0,ALPH,1.0
nl_117_letter_B_0265,117,1,0,ALPH,1.0
nl_117_letter_B_0266,117,1,0,ALPH,1.0
nl_117_letter_B_0268,117,1,0,ALPH,1.0
nl_117_letter_B_0269,117,1,0,ALPH,1.0
nl_117_letter_B_0270,117,1,0,ALPH,1.0
nl_117_letter_B_0271,117,1,0,ALPH,1.0
nl_117_letter_B_0272,117,1,0,ALPH,1.0
nl_117_letter_B_0275,117,1,0,ALPH,1.0
nl_117_letter_B_0276,117,1,0,ALPH,1.0
nl_117_letter_B_0277,117,1,0,ALPH,1.0
nl_117_letter_B_0278,117,1,0,ALPH,1.0
nl_117_letter_B_0279,117,1,0,ALPH,1.0
nl_117_letter_B_0280,117,1,0,ALPH,1.0
nl_117_letter_B_0281,117,1,0,ALPH,1.0
nl_117_letter_B_0282,117,1,0,ALPH,1.0
nl_117_letter_B_0283,117,1,0,ALPH,1.0
nl_117_letter_B_0284,117,1,0,ALPH,1.0
nl_117_letter_B_0285,117,1,0,ALPH,1.0
nl_117_letter_B_0286,117,1,0,ALPH,1.0
nl_117_letter_B_0287,117,1,0,ALPH,1.0
nl_117_letter_B_0288,117,1,0,ALPH,1.0
nl_117_letter_B_0289,117,1,0,ALPH,1.0
nl_117_letter_B_0290,117,1,0,ALPH,1.0
nl_117_letter_B_0291,117,1,0,ALPH,1.0
nl_117_letter_B_0292,117,1,0,ALPH,1.0
nl_117_letter_B_0293,117,1,0,ALPH,1.0
nl_117_letter_B_0294,117,1,0,ALPH,1.0
nl_117_letter_B_0295,117,1,0,ALPH,1.0
nl_117_letter_B_0296,117,1,0,ALPH,1.0
nl_117_letter_B_0297,117,1,0,ALPH,1.0
nl_117_letter_B_0298,117,1,0,ALPH,1.0
nl_117_letter_B_0299,117,1,0,ALPH,1.0
nl_118_letter_C_0060,118,1,0,ALPH,1.0
nl_118_letter_C_0061,118,1,0,ALPH,1.0
nl_118_letter_C_0063,118,1,0,ALPH,1.0
nl_118_letter_C_0065,118,1,0,ALPH,1.0
nl_118_letter_C_0066,118,1,0,ALPH,1.0
nl_118_letter_C_0070,118,1,0,ALPH,1.0
nl_118_letter_C_0086,118,1,0,ALPH,1.0
nl_118_letter_C_0090,118,1,0,ALPH,1.0
nl_118_letter_C_0091,118,1,0,ALPH,1.0
nl_118_letter_C_0092,118,1,0,ALPH,1.0
nl_118_letter_C_0093,118,1,0,ALPH,1.0
nl_118_letter_C_0094,118,1,0,ALPH,1.0
nl_118_letter_C_0096,118,1,0,ALPH,1.0
nl_118_letter_C_0098,118,1,0,ALPH,1.0
nl_118_letter_C_0101,118,1,0,ALPH,1.0
nl_118_letter_C_0102,118,1,0,ALPH,1.0
nl_118_letter_C_0104,118,1,0,ALPH,1.0
nl_118_letter_C_0106,118,1,0,ALPH,1.0
nl_118_letter_C_0107,118,1,0,ALPH,1.0
nl_118_letter_C_0109,118,1,0,ALPH,1.0
nl_118_letter_C_0111,118,1,0,ALPH,1.0
nl_118_letter_C_0122,118,1,0,ALPH,1.0
nl_118_letter_C_0144,118,1,0,ALPH,1.0
nl_118_letter_C_0151,118,1,0,ALPH,1.0
nl_118_letter_C_0157,118,1,0,ALPH,1.0
nl_118_letter_C_0167,118,1,0,ALPH,1.0
nl_118_letter_C_0187,118,1,0,ALPH,1.0
nl_118_letter_C_0192,118,1,0,ALPH,1.0
nl_118_letter_C_0193,118,1,0,ALPH,1.0
nl_118_letter_C_0194,118,1,0,ALPH,1.0
nl_118_letter_C_0197,118,1,0,ALPH,1.0
nl_118_letter_C_0202,118,1,0,ALPH,1.0
nl_118_letter_C_0206,118,1,0,ALPH,1.0
nl_118_letter_C_0210,118,1,0,ALPH,1.0
nl_118_letter_C_0213,118,1,0,ALPH,1.0
nl_118_letter_C_0217,118,1,0,ALPH,1.0
nl_118_letter_C_0242,118,1,0,ALPH,1.0
nl_118_letter_C_0243,118,1,0,ALPH,1.0
nl_118_letter_C_0245,118,1,0,ALPH,1.0
nl_118_letter_C_0248,118,1,0,ALPH,1.0
nl_118_letter_C_0251,118,1,0,ALPH,1.0
nl_118_letter_C_0252,118,1,0,ALPH,1.0
nl_118_letter_C_0256,118,1,0,ALPH,1.0
nl_118_letter_C_0257,118,1,0,ALPH,1.0
nl_118_letter_C_0258,118,1,0,ALPH,1.0
nl_118_letter_C_0260,118,1,0,ALPH,1.0
nl_118_letter_C_0261,118,1,0,ALPH,1.0
nl_118_letter_C_0263,118,1,0,ALPH,1.0
nl_118_letter_C_0264,118,1,0,ALPH,1.0
nl_118_letter_C_0266,118,1,0,ALPH,1.0
nl_118_letter_C_0270,118,1,0,ALPH,1.0
nl_118_letter_C_0271,118,1,0,ALPH,1.0
nl_118_letter_C_0272,118,1,0,ALPH,1.0
nl_118_letter_C_0273,118,1,0,ALPH,1.0
nl_118_letter_C_0274,118,1,0,ALPH,1.0
nl_118_letter_C_0275,118,1,0,ALPH,1.0
nl_118_letter_C_0277,118,1,0,ALPH,1.0
nl_118_letter_C_0278,118,1,0,ALPH,1.0
nl_118_letter_C_0279,118,1,0,ALPH,1.0
nl_118_letter_C_0280,118,1,0,ALPH,1.0
nl_118_letter_C_0281,118,1,0,ALPH,1.0
nl_118_letter_C_0286,118,1,0,ALPH,1.0
nl_118_letter_C_0294,118,1,0,ALPH,1.0
nl_118_letter_C_0298,118,1,0,ALPH,1.0
nl_119_letter_D_0060,119,1,0,ALPH,1.0
nl_119_letter_D_0061,119,1,0,ALPH,1.0
nl_119_letter_D_0062,119,1,0,ALPH,1.0
nl_119_letter_D_0063,119,1,0,ALPH,1.0
nl_119_letter_D_0065,119,1,0,ALPH,1.0
nl_119_letter_D_0066,119,1,0,ALPH,1.0
nl_119_letter_D_0067,119,1,0,ALPH,1.0
nl_119_letter_D_0068,119,1,0,ALPH,1.0
nl_119_letter_D_0069,119,1,0,ALPH,1.0
nl_119_letter_D_0070,119,1,0,ALPH,1.0
nl_119_letter_D_0073,119,1,0,ALPH,1.0
nl_119_letter_D_0074,119,1,0,ALPH,1.0
nl_119_letter_D_0075,119,1,0,ALPH,1.0
nl_119_letter_D_0076,119,1,0,ALPH,1.0
nl_119_letter_D_0078,119,1,0,ALPH,1.0
nl_119_letter_D_0079,119,1,0,ALPH,1.0
nl_119_letter_D_0080,119,1,0,ALPH,1.0
nl_119_letter_D_0082,119,1,0,ALPH,1.0
nl_119_letter_D_0083,119,1,0,ALPH,1.0
nl_119_letter_D_0085,119,1,0,ALPH,1.0
nl_119_letter_D_0089,119,1,0,ALPH,1.0
nl_119_letter_D_0090,119,1,0,ALPH,1.0
nl_119_letter_D_0091,119,1,0,ALPH,1.0
nl_119_letter_D_0093,119,1,0,ALPH,1.0
nl_119_letter_D_0095,119,1,0,ALPH,1.0
nl_119_letter_D_0097,119,1,0,ALPH,1.0
nl_119_letter_D_0099,119,1,0,ALPH,1.0
nl_119_letter_D_0107,119,1,0,ALPH,1.0
nl_119_letter_D_0108,119,1,0,ALPH,1.0
nl_119_letter_D_0116,119,1,0,ALPH,1.0
nl_119_letter_D_0117,119,1,0,ALPH,1.0
nl_119_letter_D_0123,119,1,0,ALPH,1.0
nl_119_letter_D_0127,119,1,0,ALPH,1.0
nl_119_letter_D_0129,119,1,0,ALPH,1.0
nl_119_letter_D_0132,119,1,0,ALPH,1.0
nl_119_letter_D_0142,119,1,0,ALPH,1.0
nl_119_letter_D_0143,119,1,0,ALPH,1.0
nl_119_letter_D_0144,119,1,0,ALPH,1.0
nl_119_letter_D_0145,119,1,0,ALPH,1.0
nl_119_letter_D_0146,119,1,0,ALPH,1.0
nl_119_letter_D_0147,119,1,0,ALPH,1.0
nl_119_letter_D_0148,119,1,0,ALPH,1.0
nl_119_letter_D_0149,119,1,0,ALPH,1.0
nl_119_letter_D_0153,119,1,0,ALPH,1.0
nl_119_letter_D_0154,119,1,0,ALPH,1.0
nl_119_letter_D_0155,119,1,0,ALPH,1.0
nl_119_letter_D_0156,119,1,0,ALPH,1.0
nl_119_letter_D_0157,119,1,0,ALPH,1.0
nl_119_letter_D_0158,119,1,0,ALPH,1.0
nl_119_letter_D_0159,119,1,0,ALPH,1.0
nl_119_letter_D_0160,119,1,0,ALPH,1.0
nl_119_letter_D_0162,119,1,0,ALPH,1.0
nl_119_letter_D_0163,119,1,0,ALPH,1.0
nl_119_letter_D_0165,119,1,0,ALPH,1.0
nl_119_letter_D_0169,119,1,0,ALPH,1.0
nl_119_letter_D_0174,119,1,0,ALPH,1.0
nl_119_letter_D_0175,119,1,0,ALPH,1.0
nl_119_letter_D_0183,119,1,0,ALPH,1.0
nl_119_letter_D_0197,119,1,0,ALPH,1.0
nl_119_letter_D_0198,119,1,0,ALPH,1.0
nl_119_letter_D_0203,119,1,0,ALPH,1.0
nl_119_letter_D_0208,119,1,0,ALPH,1.0
nl_119_letter_D_0215,119,1,0,ALPH,1.0
nl_119_letter_D_0216,119,1,0,ALPH,1.0
nl_119_letter_D_0218,119,1,0,ALPH,1.0
nl_119_letter_D_0219,119,1,0,ALPH,1.0
nl_119_letter_D_0220,119,1,0,ALPH,1.0
nl_119_letter_D_0222,119,1,0,ALPH,1.0
nl_119_letter_D_0223,119,1,0,ALPH,1.0
nl_119_letter_D_0239,119,1,0,ALPH,1.0
nl_119_letter_D_0244,119,1,0,ALPH,1.0
nl_119_letter_D_0245,119,1,0,ALPH,1.0
nl_119_letter_D_0246,119,1,0,ALPH,1.0
nl_119_letter_D_0248,119,1,0,ALPH,1.0
nl_119_letter_D_0249,119,1,0,ALPH,1.0
nl_119_letter_D_0250,119,1,0,ALPH,1.0
nl_119_letter_D_0251,119,1,0,ALPH,1.0
nl_119_letter_D_0252,119,1,0,ALPH,1.0
nl_119_letter_D_0253,119,1,0,ALPH,1.0
nl_119_letter_D_0254,119,1,0,ALPH,1.0
nl_119_letter_D_0255,119,1,0,ALPH,1.0
nl_119_letter_D_0256,119,1,0,ALPH,1.0
nl_119_letter_D_0257,119,1,0,ALPH,1.0
nl_119_letter_D_0258,119,1,0,ALPH,1.0
nl_119_letter_D_0260,119,1,0,ALPH,1.0
nl_119_letter_D_0261,119,1,0,ALPH,1.0
nl_119_letter_D_0262,119,1,0,ALPH,1.0
nl_119_letter_D_0263,119,1,0,ALPH,1.0
nl_119_letter_D_0264,119,1,0,ALPH,1.0
nl_119_letter_D_0265,119,1,0,ALPH,1.0
nl_119_letter_D_0266,119,1,0,ALPH,1.0
nl_119_letter_D_0267,119,1,0,ALPH,1.0
nl_119_letter_D_0268,119,1,0,ALPH,1.0
nl_119_letter_D_0269,119,1,0,ALPH,1.0
nl_119_letter_D_0271,119,1,0,ALPH,1.0
nl_119_letter_D_0272,119,1,0,ALPH,1.0
nl_119_letter_D_0273,119,1,0,ALPH,1.0
nl_119_letter_D_0274,119,1,0,ALPH,1.0
nl_119_letter_D_0276,119,1,0,ALPH,1.0
nl_119_letter_D_0277,119,1,0,ALPH,1.0
nl_119_letter_D_0284,119,1,0,ALPH,1.0
nl_119_letter_D_0286,119,1,0,ALPH,1.0
nl_119_letter_D_0287,119,1,0,ALPH,1.0
nl_119_letter_D_0288,119,1,0,ALPH,1.0
nl_119_letter_D_0289,119,1,0,ALPH,1.0
nl_119_letter_D_0290,119,1,0,ALPH,1.0
nl_119_letter_D_0295,119,1,0,ALPH,1.0
nl_119_letter_D_0296,119,1,0,ALPH,1.0
nl_119_letter_D_0298,119,1,0,ALPH,1.0
nl_120_letter_E_0060,120,1,0,ALPH,1.0
nl_120_letter_E_0061,120,1,0,ALPH,1.0
nl_120_letter_E_0062,120,1,0,ALPH,1.0
nl_120_letter_E_0063,120,1,0,ALPH,1.0
nl_120_letter_E_0064,120,1,0,ALPH,1.0
nl_120_letter_E_0065,120,1,0,ALPH,1.0
nl_120_letter_E_0066,120,1,0,ALPH,1.0
nl_120_letter_E_0067,120,1,0,ALPH,1.0
nl_120_letter_E_0068,120,1,0,ALPH,1.0
nl_120_letter_E_0069,120,1,0,ALPH,1.0
nl_120_letter_E_0070,120,1,0,ALPH,1.0
nl_120_letter_E_0071,120,1,0,ALPH,1.0
nl_120_letter_E_0072,120,1,0,ALPH,1.0
nl_120_letter_E_0073,120,1,0,ALPH,1.0
nl_120_letter_E_0074,120,1,0,ALPH,1.0
nl_120_letter_E_0075,120,1,0,ALPH,1.0
nl_120_letter_E_0076,120,1,0,ALPH,1.0
nl_120_letter_E_0077,120,1,0,ALPH,1.0
nl_120_letter_E_0078,120,1,0,ALPH,1.0
nl_120_letter_E_0079,120,1,0,ALPH,1.0
nl_120_letter_E_0080,120,1,0,ALPH,1.0
nl_120_letter_E_0081,120,1,0,ALPH,1.0
nl_120_letter_E_0082,120,1,0,ALPH,1.0
nl_120_letter_E_0083,120,1,0,ALPH,1.0
nl_120_letter_E_0084,120,1,0,ALPH,1.0
nl_120_letter_E_0085,120,1,0,ALPH,1.0
nl_120_letter_E_0086,120,1,0,ALPH,1.0
nl_120_letter_E_0087,120,1,0,ALPH,1.0
nl_120_letter_E_0088,120,1,0,ALPH,1.0
nl_120_letter_E_0089,120,1,0,ALPH,1.0
nl_120_letter_E_0090,120,1,0,ALPH,1.0
nl_120_letter_E_0091,120,1,0,ALPH,1.0
nl_120_letter_E_0092,120,1,0,ALPH,1.0
nl_120_letter_E_0093,120,1,0,ALPH,1.0
nl_120_letter_E_0094,120,1,0,ALPH,1.0
nl_120_letter_E_0095,120,1,0,ALPH,1.0
nl_120_letter_E_0096,120,1,0,ALPH,1.0
nl_120_letter_E_0097,120,1,0,ALPH,1.0
nl_120_letter_E_0098,120,1,0,ALPH,1.0
nl_120_letter_E_0099,120,1,0,ALPH,1.0
nl_120_letter_E_0100,120,1,0,ALPH,1.0
nl_120_letter_E_0101,120,1,0,ALPH,1.0
nl_120_letter_E_0102,120,1,0,ALPH,1.0
nl_120_letter_E_0103,120,1,0,ALPH,1.0
nl_120_letter_E_0104,120,1,0,ALPH,1.0
nl_120_letter_E_0105,120,1,0,ALPH,1.0
nl_120_letter_E_0106,120,1,0,ALPH,1.0
nl_120_letter_E_0107,120,1,0,ALPH,1.0
nl_120_letter_E_0108,120,1,0,ALPH,1.0
nl_120_letter_E_0109,120,1,0,ALPH,1.0
nl_120_letter_E_0110,120,1,0,ALPH,1.0
nl_120_letter_E_0111,120,1,0,ALPH,1.0
nl_120_letter_E_0112,120,1,0,ALPH,1.0
nl_120_letter_E_0113,120,1,0,ALPH,1.0
nl_120_letter_E_0114,120,1,0,ALPH,1.0
nl_120_letter_E_0115,120,1,0,ALPH,1.0
nl_120_letter_E_0116,120,1,0,ALPH,1.0
nl_120_letter_E_0117,120,1,0,ALPH,1.0
nl_120_letter_E_0118,120,1,0,ALPH,1.0
nl_120_letter_E_0119,120,1,0,ALPH,1.0
nl_120_letter_E_0120,120,1,0,ALPH,1.0
nl_120_letter_E_0121,120,1,0,ALPH,1.0
nl_120_letter_E_0122,120,1,0,ALPH,1.0
nl_120_letter_E_0123,120,1,0,ALPH,1.0
nl_120_letter_E_0124,120,1,0,ALPH,1.0
nl_120_letter_E_0125,120,1,0,ALPH,1.0
nl_120_letter_E_0126,120,1,0,ALPH,1.0
nl_120_letter_E_0127,120,1,0,ALPH,1.0
nl_120_letter_E_0128,120,1,0,ALPH,1.0
nl_120_letter_E_0129,120,1,0,ALPH,1.0
nl_120_letter_E_0130,120,1,0,ALPH,1.0
nl_120_letter_E_0131,120,1,0,ALPH,1.0
nl_120_letter_E_0132,120,1,0,ALPH,1.0
nl_120_letter_E_0133,120,1,0,ALPH,1.0
nl_120_letter_E_0134,120,1,0,ALPH,1.0
nl_120_letter_E_0135,120,1,0,ALPH,1.0
nl_120_letter_E_0136,120,1,0,ALPH,1.0
nl_120_letter_E_0137,120,1,0,ALPH,1.0
nl_120_letter_E_0138,120,1,0,ALPH,1.0
nl_120_letter_E_0139,120,1,0,ALPH,1.0
nl_120_letter_E_0140,120,1,0,ALPH,1.0
nl_120_letter_E_0141,120,1,0,ALPH,1.0
nl_120_letter_E_0142,120,1,0,ALPH,1.0
nl_120_letter_E_0143,120,1,0,ALPH,1.0
nl_120_letter_E_0144,120,1,0,ALPH,1.0
nl_120_letter_E_0145,120,1,0,ALPH,1.0
nl_120_letter_E_0146,120,1,0,ALPH,1.0
nl_120_letter_E_0147,120,1,0,ALPH,1.0
nl_120_letter_E_0148,120,1,0,ALPH,1.0
nl_120_letter_E_0149,120,1,0,ALPH,1.0
nl_120_letter_E_0150,120,1,0,ALPH,1.0
nl_120_letter_E_0151,120,1,0,ALPH,1.0
nl_120_letter_E_0152,120,1,0,ALPH,1.0
nl_120_letter_E_0153,120,1,0,ALPH,1.0
nl_120_letter_E_0154,120,1,0,ALPH,1.0
nl_120_letter_E_0155,120,1,0,ALPH,1.0
nl_120_letter_E_0156,120,1,0,ALPH,1.0
nl_120_letter_E_0157,120,1,0,ALPH,1.0
nl_120_letter_E_0158,120,1,0,ALPH,1.0
nl_120_letter_E_0159,120,1,0,ALPH,1.0
nl_120_letter_E_0160,120,1,0,ALPH,1.0
nl_120_letter_E_0161,120,1,0,ALPH,1.0
nl_120_letter_E_0162,120,1,0,ALPH,1.0
nl_120_letter_E_0163,120,1,0,ALPH,1.0
nl_120_letter_E_0164,120,1,0,ALPH,1.0
nl_120_letter_E_0165,120,1,0,ALPH,1.0
nl_120_letter_E_0166,120,1,0,ALPH,1.0
nl_120_letter_E_0167,120,1,0,ALPH,1.0
nl_120_letter_E_0168,120,1,0,ALPH,1.0
nl_120_letter_E_0169,120,1,0,ALPH,1.0
nl_120_letter_E_0170,120,1,0,ALPH,1.0
nl_120_letter_E_0171,120,1,0,ALPH,1.0
nl_120_letter_E_0172,120,1,0,ALPH,1.0
nl_120_letter_E_0173,120,1,0,ALPH,1.0
nl_120_letter_E_0174,120,1,0,ALPH,1.0
nl_120_letter_E_0175,120,1,0,ALPH,1.0
nl_120_letter_E_0176,120,1,0,ALPH,1.0
nl_120_letter_E_0177,120,1,0,ALPH,1.0
nl_120_letter_E_0178,120,1,0,ALPH,1.0
nl_120_letter_E_0179,120,1,0,ALPH,1.0
nl_120_letter_E_0180,120,1,0,ALPH,1.0
nl_120_letter_E_0181,120,1,0,ALPH,1.0
nl_120_letter_E_0182,120,1,0,ALPH,1.0
nl_120_letter_E_0183,120,1,0,ALPH,1.0
nl_120_letter_E_0184,120,1,0,ALPH,1.0
nl_120_letter_E_0185,120,1,0,ALPH,1.0
nl_120_letter_E_0186,120,1,0,ALPH,1.0
nl_120_letter_E_0187,120,1,0,ALPH,1.0
nl_120_letter_E_0188,120,1,0,ALPH,1.0
nl_120_letter_E_0189,120,1,0,ALPH,1.0
nl_120_letter_E_0190,120,1,0,ALPH,1.0
nl_120_letter_E_0191,120,1,0,ALPH,1.0
nl_120_letter_E_0192,120,1,0,ALPH,1.0
nl_120_letter_E_0193,120,1,0,ALPH,1.0
nl_120_letter_E_0195,120,1,0,ALPH,1.0
nl_120_letter_E_0196,120,1,0,ALPH,1.0
nl_120_letter_E_0197,120,1,0,ALPH,1.0
nl_120_letter_E_0198,120,1,0,ALPH,1.0
nl_120_letter_E_0199,120,1,0,ALPH,1.0
nl_120_letter_E_0200,120,1,0,ALPH,1.0
nl_120_letter_E_0201,120,1,0,ALPH,1.0
nl_120_letter_E_0202,120,1,0,ALPH,1.0
nl_120_letter_E_0203,120,1,0,ALPH,1.0
nl_120_letter_E_0204,120,1,0,ALPH,1.0
nl_120_letter_E_0205,120,1,0,ALPH,1.0
nl_120_letter_E_0206,120,1,0,ALPH,1.0
nl_120_letter_E_0207,120,1,0,ALPH,1.0
nl_120_letter_E_0208,120,1,0,ALPH,1.0
nl_120_letter_E_0209,120,1,0,ALPH,1.0
nl_120_letter_E_0210,120,1,0,ALPH,1.0
nl_120_letter_E_0211,120,1,0,ALPH,1.0
nl_120_letter_E_0212,120,1,0,ALPH,1.0
nl_120_letter_E_0213,120,1,0,ALPH,1.0
nl_120_letter_E_0214,120,1,0,ALPH,1.0
nl_120_letter_E_0215,120,1,0,ALPH,1.0
nl_120_letter_E_0216,120,1,0,ALPH,1.0
nl_120_letter_E_0217,120,1,0,ALPH,1.0
nl_120_letter_E_0218,120,1,0,ALPH,1.0
nl_120_letter_E_0219,120,1,0,ALPH,1.0
nl_120_letter_E_0220,120,1,0,ALPH,1.0
nl_120_letter_E_0221,120,1,0,ALPH,1.0
nl_120_letter_E_0222,120,1,0,ALPH,1.0
nl_120_letter_E_0223,120,1,0,ALPH,1.0
nl_120_letter_E_0224,120,1,0,ALPH,1.0
nl_120_letter_E_0225,120,1,0,ALPH,1.0
nl_120_letter_E_0226,120,1,0,ALPH,1.0
nl_120_letter_E_0227,120,1,0,ALPH,1.0
nl_120_letter_E_0228,120,1,0,ALPH,1.0
nl_120_letter_E_0229,120,1,0,ALPH,1.0
nl_120_letter_E_0230,120,1,0,ALPH,1.0
nl_120_letter_E_0231,120,1,0,ALPH,1.0
nl_120_letter_E_0232,120,1,0,ALPH,1.0
nl_120_letter_E_0233,120,1,0,ALPH,1.0
nl_120_letter_E_0234,120,1,0,ALPH,1.0
nl_120_letter_E_0235,120,1,0,ALPH,1.0
nl_120_letter_E_0236,120,1,0,ALPH,1.0
nl_120_letter_E_0237,120,1,0,ALPH,1.0
nl_120_letter_E_0238,120,1,0,ALPH,1.0
nl_120_letter_E_0239,120,1,0,ALPH,1.0
nl_120_letter_E_0240,120,1,0,ALPH,1.0
nl_120_letter_E_0241,120,1,0,ALPH,1.0
nl_120_letter_E_0242,120,1,0,ALPH,1.0
nl_120_letter_E_0243,120,1,0,ALPH,1.0
nl_120_letter_E_0244,120,1,0,ALPH,1.0
nl_120_letter_E_0245,120,1,0,ALPH,1.0
nl_120_letter_E_0246,120,1,0,ALPH,1.0
nl_120_letter_E_0247,120,1,0,ALPH,1.0
nl_120_letter_E_0248,120,1,0,ALPH,1.0
nl_120_letter_E_0249,120,1,0,ALPH,1.0
nl_120_letter_E_0250,120,1,0,ALPH,1.0
nl_120_letter_E_0251,120,1,0,ALPH,1.0
nl_120_letter_E_0252,120,1,0,ALPH,1.0
nl_120_letter_E_0253,120,1,0,ALPH,1.0
nl_120_letter_E_0254,120,1,0,ALPH,1.0
nl_120_letter_E_0255,120,1,0,ALPH,1.0
nl_120_letter_E_0256,120,1,0,ALPH,1.0
nl_120_letter_E_0257,120,1,0,ALPH,1.0
nl_120_letter_E_0258,120,1,0,ALPH,1.0
nl_120_letter_E_0259,120,1,0,ALPH,1.0
nl_120_letter_E_0260,120,1,0,ALPH,1.0
nl_120_letter_E_0261,120,1,0,ALPH,1.0
nl_120_letter_E_0262,120,1,0,ALPH,1.0
nl_120_letter_E_0263,120,1,0,ALPH,1.0
nl_120_letter_E_0264,120,1,0,ALPH,1.0
nl_120_letter_E_0265,120,1,0,ALPH,1.0
nl_120_letter_E_0266,120,1,0,ALPH,1.0
nl_120_letter_E_0267,120,1,0,ALPH,1.0
nl_120_letter_E_0268,120,1,0,ALPH,1.0
nl_120_letter_E_0269,120,1,0,ALPH,1.0
nl_120_letter_E_0270,120,1,0,ALPH,1.0
nl_120_letter_E_0271,120,1,0,ALPH,1.0
nl_120_letter_E_0273,120,1,0,ALPH,1.0
nl_120_letter_E_0274,120,1,0,ALPH,1.0
nl_120_letter_E_0275,120,1,0,ALPH,1.0
nl_120_letter_E_0276,120,1,0,ALPH,1.0
nl_120_letter_E_0277,120,1,0,ALPH,1.0
nl_120_letter_E_0278,120,1,0,ALPH,1.0
nl_120_letter_E_0279,120,1,0,ALPH,1.0
nl_120_letter_E_0280,120,1,0,ALPH,1.0
nl_120_letter_E_0281,120,1,0,ALPH,1.0
nl_120_letter_E_0282,120,1,0,ALPH,1.0
nl_120_letter_E_0283,120,1,0,ALPH,1.0
nl_120_letter_E_0284,120,1,0,ALPH,1.0
nl_120_letter_E_0285,120,1,0,ALPH,1.0
nl_120_letter_E_0286,120,1,0,ALPH,1.0
nl_120_letter_E_0287,120,1,0,ALPH,1.0
nl_120_letter_E_0288,120,1,0,ALPH,1.0
nl_120_letter_E_0289,120,1,0,ALPH,1.0
nl_120_letter_E_0290,120,1,0,ALPH,1.0
nl_120_letter_E_0291,120,1,0,ALPH,1.0
nl_120_letter_E_0292,120,1,0,ALPH,1.0
nl_120_letter_E_0293,120,1,0,ALPH,1.0
nl_120_letter_E_0294,120,1,0,ALPH,1.0
nl_120_letter_E_0295,120,1,0,ALPH,1.0
nl_120_letter_E_0296,120,1,0,ALPH,1.0
nl_120_letter_E_0297,120,1,0,ALPH,1.0
nl_120_letter_E_0298,120,1,0,ALPH,1.0
nl_120_letter_E_0299,120,1,0,ALPH,1.0
nl_121_letter_F_0060,121,1,0,ALPH,1.0
nl_121_letter_F_0061,121,1,0,ALPH,1.0
nl_121_letter_F_0062,121,1,0,ALPH,1.0
nl_121_letter_F_0063,121,1,0,ALPH,1.0
nl_121_letter_F_0064,121,1,0,ALPH,1.0
nl_121_letter_F_0065,121,1,0,ALPH,1.0
nl_121_letter_F_0066,121,1,0,ALPH,1.0
nl_121_letter_F_0067,121,1,0,ALPH,1.0
nl_121_letter_F_0068,121,1,0,ALPH,1.0
nl_121_letter_F_0069,121,1,0,ALPH,1.0
nl_121_letter_F_0070,121,1,0,ALPH,1.0
nl_121_letter_F_0071,121,1,0,ALPH,1.0
nl_121_letter_F_0074,121,1,0,ALPH,1.0
nl_121_letter_F_0075,121,1,0,ALPH,1.0
nl_121_letter_F_0076,121,1,0,ALPH,1.0
nl_121_letter_F_0077,121,1,0,ALPH,1.0
nl_121_letter_F_0078,121,1,0,ALPH,1.0
nl_121_letter_F_0079,121,1,0,ALPH,1.0
nl_121_letter_F_0080,121,1,0,ALPH,1.0
nl_121_letter_F_0086,121,1,0,ALPH,1.0
nl_121_letter_F_0095,121,1,0,ALPH,1.0
nl_121_letter_F_0122,121,1,0,ALPH,1.0
nl_121_letter_F_0123,121,1,0,ALPH,1.0
nl_121_letter_F_0124,121,1,0,ALPH,1.0
nl_121_letter_F_0125,121,1,0,ALPH,1.0
nl_121_letter_F_0126,121,1,0,ALPH,1.0
nl_121_letter_F_0127,121,1,0,ALPH,1.0
nl_121_letter_F_0128,121,1,0,ALPH,1.0
nl_121_letter_F_0129,121,1,0,ALPH,1.0
nl_121_letter_F_0130,121,1,0,ALPH,1.0
nl_121_letter_F_0131,121,1,0,ALPH,1.0
nl_121_letter_F_0132,121,1,0,ALPH,1.0
nl_121_letter_F_0133,121,1,0,ALPH,1.0
nl_121_letter_F_0134,121,1,0,ALPH,1.0
nl_121_letter_F_0135,121,1,0,ALPH,1.0
nl_121_letter_F_0136,121,1,0,ALPH,1.0
nl_121_letter_F_0137,121,1,0,ALPH,1.0
nl_121_letter_F_0138,121,1,0,ALPH,1.0
nl_121_letter_F_0139,121,1,0,ALPH,1.0
nl_121_letter_F_0140,121,1,0,ALPH,1.0
nl_121_letter_F_0141,121,1,0,ALPH,1.0
nl_121_letter_F_0142,121,1,0,ALPH,1.0
nl_121_letter_F_0143,121,1,0,ALPH,1.0
nl_121_letter_F_0145,121,1,0,ALPH,1.0
nl_121_letter_F_0146,121,1,0,ALPH,1.0
nl_121_letter_F_0147,121,1,0,ALPH,1.0
nl_121_letter_F_0148,121,1,0,ALPH,1.0
nl_121_letter_F_0149,121,1,0,ALPH,1.0
nl_121_letter_F_0150,121,1,0,ALPH,1.0
nl_121_letter_F_0152,121,1,0,ALPH,1.0
nl_121_letter_F_0153,121,1,0,ALPH,1.0
nl_121_letter_F_0154,121,1,0,ALPH,1.0
nl_121_letter_F_0155,121,1,0,ALPH,1.0
nl_121_letter_F_0156,121,1,0,ALPH,1.0
nl_121_letter_F_0157,121,1,0,ALPH,1.0
nl_121_letter_F_0169,121,1,0,ALPH,1.0
nl_121_letter_F_0171,121,1,0,ALPH,1.0
nl_121_letter_F_0172,121,1,0,ALPH,1.0
nl_121_letter_F_0173,121,1,0,ALPH,1.0
nl_121_letter_F_0175,121,1,0,ALPH,1.0
nl_121_letter_F_0176,121,1,0,ALPH,1.0
nl_121_letter_F_0178,121,1,0,ALPH,1.0
nl_121_letter_F_0179,121,1,0,ALPH,1.0
nl_121_letter_F_0180,121,1,0,ALPH,1.0
nl_121_letter_F_0181,121,1,0,ALPH,1.0
nl_121_letter_F_0182,121,1,0,ALPH,1.0
nl_121_letter_F_0183,121,1,0,ALPH,1.0
nl_121_letter_F_0185,121,1,0,ALPH,1.0
nl_121_letter_F_0186,121,1,0,ALPH,1.0
nl_121_letter_F_0187,121,1,0,ALPH,1.0
nl_121_letter_F_0188,121,1,0,ALPH,1.0
nl_121_letter_F_0189,121,1,0,ALPH,1.0
nl_121_letter_F_0190,121,1,0,ALPH,1.0
nl_121_letter_F_0191,121,1,0,ALPH,1.0
nl_121_letter_F_0192,121,1,0,ALPH,1.0
nl_121_letter_F_0193,121,1,0,ALPH,1.0
nl_121_letter_F_0194,121,1,0,ALPH,1.0
nl_121_letter_F_0195,121,1,0,ALPH,1.0
nl_121_letter_F_0196,121,1,0,ALPH,1.0
nl_121_letter_F_0197,121,1,0,ALPH,1.0
nl_121_letter_F_0198,121,1,0,ALPH,1.0
nl_121_letter_F_0199,121,1,0,ALPH,1.0
nl_121_letter_F_0200,121,1,0,ALPH,1.0
nl_121_letter_F_0202,121,1,0,ALPH,1.0
nl_121_letter_F_0203,121,1,0,ALPH,1.0
nl_121_letter_F_0204,121,1,0,ALPH,1.0
nl_121_letter_F_0206,121,1,0,ALPH,1.0
nl_121_letter_F_0207,121,1,0,ALPH,1.0
nl_121_letter_F_0208,121,1,0,ALPH,1.0
nl_121_letter_F_0209,121,1,0,ALPH,1.0
nl_121_letter_F_0210,121,1,0,ALPH,1.0
nl_121_letter_F_0211,121,1,0,ALPH,1.0
nl_121_letter_F_0212,121,1,0,ALPH,1.0
nl_121_letter_F_0213,121,1,0,ALPH,1.0
nl_121_letter_F_0214,121,1,0,ALPH,1.0
nl_121_letter_F_0215,121,1,0,ALPH,1.0
nl_121_letter_F_0218,121,1,0,ALPH,1.0
nl_121_letter_F_0219,121,1,0,ALPH,1.0
nl_121_letter_F_0220,121,1,0,ALPH,1.0
nl_121_letter_F_0221,121,1,0,ALPH,1.0
nl_121_letter_F_0223,121,1,0,ALPH,1.0
nl_121_letter_F_0224,121,1,0,ALPH,1.0
nl_121_letter_F_0226,121,1,0,ALPH,1.0
nl_121_letter_F_0227,121,1,0,ALPH,1.0
nl_121_letter_F_0229,121,1,0,ALPH,1.0
nl_121_letter_F_0230,121,1,0,ALPH,1.0
nl_121_letter_F_0232,121,1,0,ALPH,1.0
nl_121_letter_F_0233,121,1,0,ALPH,1.0
nl_121_letter_F_0234,121,1,0,ALPH,1.0
nl_121_letter_F_0235,121,1,0,ALPH,1.0
nl_121_letter_F_0236,121,1,0,ALPH,1.0
nl_121_letter_F_0237,121,1,0,ALPH,1.0
nl_121_letter_F_0238,121,1,0,ALPH,1.0
nl_121_letter_F_0239,121,1,0,ALPH,1.0
nl_121_letter_F_0240,121,1,0,ALPH,1.0
nl_121_letter_F_0241,121,1,0,ALPH,1.0
nl_121_letter_F_0242,121,1,0,ALPH,1.0
nl_121_letter_F_0243,121,1,0,ALPH,1.0
nl_121_letter_F_0244,121,1,0,ALPH,1.0
nl_121_letter_F_0247,121,1,0,ALPH,1.0
nl_121_letter_F_0251,121,1,0,ALPH,1.0
nl_121_letter_F_0252,121,1,0,ALPH,1.0
nl_121_letter_F_0253,121,1,0,ALPH,1.0
nl_121_letter_F_0258,121,1,0,ALPH,1.0
nl_121_letter_F_0259,121,1,0,ALPH,1.0
nl_121_letter_F_0261,121,1,0,ALPH,1.0
nl_121_letter_F_0262,121,1,0,ALPH,1.0
nl_121_letter_F_0263,121,1,0,ALPH,1.0
nl_121_letter_F_0266,121,1,0,ALPH,1.0
nl_121_letter_F_0267,121,1,0,ALPH,1.0
nl_121_letter_F_0268,121,1,0,ALPH,1.0
nl_121_letter_F_0269,121,1,0,ALPH,1.0
nl_122_letter_G_0079,122,1,0,ALPH,1.0
nl_122_letter_G_0092,122,1,0,ALPH,1.0
nl_122_letter_G_0102,122,1,0,ALPH,1.0
nl_122_letter_G_0106,122,1,0,ALPH,1.0
nl_122_letter_G_0118,122,1,0,ALPH,1.0
nl_122_letter_G_0119,122,1,0,ALPH,1.0
nl_122_letter_G_0120,122,1,0,ALPH,1.0
nl_122_letter_G_0121,122,1,0,ALPH,1.0
nl_122_letter_G_0122,122,1,0,ALPH,1.0
nl_122_letter_G_0123,122,1,0,ALPH,1.0
nl_122_letter_G_0124,122,1,0,ALPH,1.0
nl_122_letter_G_0126,122,1,0,ALPH,1.0
nl_122_letter_G_0127,122,1,0,ALPH,1.0
nl_122_letter_G_0150,122,1,0,ALPH,1.0
nl_122_letter_G_0201,122,1,0,ALPH,1.0
nl_122_letter_G_0205,122,1,0,ALPH,1.0
nl_122_letter_G_0214,122,1,0,ALPH,1.0
nl_122_letter_G_0239,122,1,0,ALPH,1.0
nl_122_letter_G_0254,122,1,0,ALPH,1.0
nl_122_letter_G_0256,122,1,0,ALPH,1.0
nl_122_letter_G_0259,122,1,0,ALPH,1.0
nl_122_letter_G_0266,122,1,0,ALPH,1.0
nl_122_letter_G_0288,122,1,0,ALPH,1.0
nl_122_letter_G_0289,122,1,0,ALPH,1.0
nl_122_letter_G_0294,122,1,0,ALPH,1.0
nl_122_letter_G_0295,122,1,0,ALPH,1.0
nl_122_letter_G_0297,122,1,0,ALPH,1.0
nl_122_letter_G_0298,122,1,0,ALPH,1.0
nl_122_letter_G_0299,122,1,0,ALPH,1.0
nl_123_letter_H_0064,123,1,0,ALPH,1.0
nl_123_letter_H_0076,123,1,0,ALPH,1.0
nl_123_letter_H_0088,123,1,0,ALPH,1.0
nl_123_letter_H_0092,123,1,0,ALPH,1.0
nl_123_letter_H_0094,123,1,0,ALPH,1.0
nl_123_letter_H_0095,123,1,0,ALPH,1.0
nl_123_letter_H_0096,123,1,0,ALPH,1.0
nl_123_letter_H_0097,123,1,0,ALPH,1.0
nl_123_letter_H_0099,123,1,0,ALPH,1.0
nl_123_letter_H_0105,123,1,0,ALPH,1.0
nl_123_letter_H_0106,123,1,0,ALPH,1.0
nl_123_letter_H_0107,123,1,0,ALPH,1.0
nl_123_letter_H_0108,123,1,0,ALPH,1.0
nl_123_letter_H_0134,123,1,0,ALPH,1.0
nl_123_letter_H_0136,123,1,0,ALPH,1.0
nl_123_letter_H_0137,123,1,0,ALPH,1.0
nl_123_letter_H_0139,123,1,0,ALPH,1.0
nl_123_letter_H_0141,123,1,0,ALPH,1.0
nl_123_letter_H_0142,123,1,0,ALPH,1.0
nl_123_letter_H_0148,123,1,0,ALPH,1.0
nl_123_letter_H_0150,123,1,0,ALPH,1.0
nl_123_letter_H_0152,123,1,0,ALPH,1.0
nl_123_letter_H_0153,123,1,0,ALPH,1.0
nl_123_letter_H_0155,123,1,0,ALPH,1.0
nl_123_letter_H_0156,123,1,0,ALPH,1.0
nl_123_letter_H_0157,123,1,0,ALPH,1.0
nl_123_letter_H_0158,123,1,0,ALPH,1.0
nl_123_letter_H_0159,123,1,0,ALPH,1.0
nl_123_letter_H_0161,123,1,0,ALPH,1.0
nl_123_letter_H_0163,123,1,0,ALPH,1.0
nl_123_letter_H_0164,123,1,0,ALPH,1.0
nl_123_letter_H_0165,123,1,0,ALPH,1.0
nl_123_letter_H_0168,123,1,0,ALPH,1.0
nl_123_letter_H_0171,123,1,0,ALPH,1.0
nl_123_letter_H_0175,123,1,0,ALPH,1.0
nl_123_letter_H_0196,123,1,0,ALPH,1.0
nl_123_letter_H_0197,123,1,0,ALPH,1.0
nl_123_letter_H_0203,123,1,0,ALPH,1.0
nl_123_letter_H_0204,123,1,0,ALPH,1.0
nl_123_letter_H_0205,123,1,0,ALPH,1.0
nl_123_letter_H_0219,123,1,0,ALPH,1.0
nl_123_letter_H_0220,123,1,0,ALPH,1.0
nl_123_letter_H_0221,123,1,0,ALPH,1.0
nl_123_letter_H_0222,123,1,0,ALPH,1.0
nl_123_letter_H_0223,123,1,0,ALPH,1.0
nl_123_letter_H_0224,123,1,0,ALPH,1.0
nl_123_letter_H_0225,123,1,0,ALPH,1.0
nl_123_letter_H_0227,123,1,0,ALPH,1.0
nl_123_letter_H_0228,123,1,0,ALPH,1.0
nl_123_letter_H_0231,123,1,0,ALPH,1.0
nl_123_letter_H_0232,123,1,0,ALPH,1.0
nl_123_letter_H_0233,123,1,0,ALPH,1.0
nl_123_letter_H_0234,123,1,0,ALPH,1.0
nl_123_letter_H_0235,123,1,0,ALPH,1.0
nl_123_letter_H_0238,123,1,0,ALPH,1.0
nl_123_letter_H_0239,123,1,0,ALPH,1.0
nl_123_letter_H_0240,123,1,0,ALPH,1.0
nl_123_letter_H_0241,123,1,0,ALPH,1.0
nl_123_letter_H_0242,123,1,0,ALPH,1.0
nl_123_letter_H_0243,123,1,0,ALPH,1.0
nl_123_letter_H_0244,123,1,0,ALPH,1.0
nl_123_letter_H_0245,123,1,0,ALPH,1.0
nl_123_letter_H_0246,123,1,0,ALPH,1.0
nl_123_letter_H_0247,123,1,0,ALPH,1.0
nl_123_letter_H_0248,123,1,0,ALPH,1.0
nl_123_letter_H_0250,123,1,0,ALPH,1.0
nl_123_letter_H_0251,123,1,0,ALPH,1.0
nl_123_letter_H_0253,123,1,0,ALPH,1.0
nl_123_letter_H_0254,123,1,0,ALPH,1.0
nl_123_letter_H_0255,123,1,0,ALPH,1.0
nl_123_letter_H_0256,123,1,0,ALPH,1.0
nl_123_letter_H_0258,123,1,0,ALPH,1.0
nl_123_letter_H_0272,123,1,0,ALPH,1.0
nl_123_letter_H_0274,123,1,0,ALPH,1.0
nl_123_letter_H_0286,123,1,0,ALPH,1.0
nl_123_letter_H_0287,123,1,0,ALPH,1.0
nl_123_letter_H_0288,123,1,0,ALPH,1.0
nl_124_letter_I_0088,124,1,0,ALPH,1.0
nl_124_letter_I_0089,124,1,0,ALPH,1.0
nl_124_letter_I_0090,124,1,0,ALPH,1.0
nl_124_letter_I_0105,124,1,0,ALPH,1.0
nl_124_letter_I_0126,124,1,0,ALPH,1.0
nl_124_letter_I_0139,124,1,0,ALPH,1.0
nl_124_letter_I_0144,124,1,0,ALPH,1.0
nl_124_letter_I_0152,124,1,0,ALPH,1.0
nl_124_letter_I_0175,124,1,0,ALPH,1.0
nl_124_letter_I_0186,124,1,0,ALPH,1.0
nl_124_letter_I_0187,124,1,0,ALPH,1.0
nl_124_letter_I_0188,124,1,0,ALPH,1.0
nl_124_letter_I_0189,124,1,0,ALPH,1.0
nl_124_letter_I_0190,124,1,0,ALPH,1.0
nl_124_letter_I_0191,124,1,0,ALPH,1.0
nl_124_letter_I_0192,124,1,0,ALPH,1.0
nl_124_letter_I_0193,124,1,0,ALPH,1.0
nl_124_letter_I_0195,124,1,0,ALPH,1.0
nl_124_letter_I_0196,124,1,0,ALPH,1.0
nl_124_letter_I_0197,124,1,0,ALPH,1.0
nl_124_letter_I_0198,124,1,0,ALPH,1.0
nl_124_letter_I_0199,124,1,0,ALPH,1.0
nl_124_letter_I_0200,124,1,0,ALPH,1.0
nl_124_letter_I_0201,124,1,0,ALPH,1.0
nl_124_letter_I_0205,124,1,0,ALPH,1.0
nl_124_letter_I_0221,124,1,0,ALPH,1.0
nl_124_letter_I_0235,124,1,0,ALPH,1.0
nl_124_letter_I_0248,124,1,0,ALPH,1.0
nl_124_letter_I_0259,124,1,0,ALPH,1.0
nl_124_letter_I_0284,124,1,0,ALPH,1.0
nl_124_letter_I_0286,124,1,0,ALPH,1.0
nl_124_letter_I_0292,124,1,0,ALPH,1.0
nl_125_letter_J_0076,125,1,0,ALPH,1.0
nl_125_letter_J_0090,125,1,0,ALPH,1.0
nl_125_letter_J_0091,125,1,0,ALPH,1.0
nl_125_letter_J_0092,125,1,0,ALPH,1.0
nl_125_letter_J_0097,125,1,0,ALPH,1.0
nl_125_letter_J_0098,125,1,0,ALPH,1.0
nl_125_letter_J_0099,125,1,0,ALPH,1.0
nl_125_letter_J_0100,125,1,0,ALPH,1.0
nl_125_letter_J_0103,125,1,0,ALPH,1.0
nl_125_letter_J_0104,125,1,0,ALPH,1.0
nl_125_letter_J_0105,125,1,0,ALPH,1.0
nl_125_letter_J_0106,125,1,0,ALPH,1.0
nl_125_letter_J_0107,125,1,0,ALPH,1.0
nl_125_letter_J_0108,125,1,0,ALPH,1.0
nl_125_letter_J_0109,125,1,0,ALPH,1.0
nl_125_letter_J_0110,125,1,0,ALPH,1.0
nl_125_letter_J_0111,125,1,0,ALPH,1.0
nl_125_letter_J_0112,125,1,0,ALPH,1.0
nl_125_letter_J_0114,125,1,0,ALPH,1.0
nl_125_letter_J_0115,125,1,0,ALPH,1.0
nl_125_letter_J_0120,125,1,0,ALPH,1.0
nl_125_letter_J_0122,125,1,0,ALPH,1.0
nl_125_letter_J_0124,125,1,0,ALPH,1.0
nl_125_letter_J_0125,125,1,0,ALPH,1.0
nl_125_letter_J_0126,125,1,0,ALPH,1.0
nl_125_letter_J_0127,125,1,0,ALPH,1.0
nl_125_letter_J_0130,125,1,0,ALPH,1.0
nl_125_letter_J_0133,125,1,0,ALPH,1.0
nl_125_letter_J_0134,125,1,0,ALPH,1.0
nl_125_letter_J_0135,125,1,0,ALPH,1.0
nl_125_letter_J_0136,125,1,0,ALPH,1.0
nl_125_letter_J_0137,125,1,0,ALPH,1.0
nl_125_letter_J_0138,125,1,0,ALPH,1.0
nl_125_letter_J_0140,125,1,0,ALPH,1.0
nl_125_letter_J_0141,125,1,0,ALPH,1.0
nl_125_letter_J_0142,125,1,0,ALPH,1.0
nl_125_letter_J_0146,125,1,0,ALPH,1.0
nl_125_letter_J_0147,125,1,0,ALPH,1.0
nl_125_letter_J_0164,125,1,0,ALPH,1.0
nl_125_letter_J_0165,125,1,0,ALPH,1.0
nl_125_letter_J_0166,125,1,0,ALPH,1.0
nl_125_letter_J_0167,125,1,0,ALPH,1.0
nl_125_letter_J_0168,125,1,0,ALPH,1.0
nl_125_letter_J_0170,125,1,0,ALPH,1.0
nl_125_letter_J_0172,125,1,0,ALPH,1.0
nl_125_letter_J_0174,125,1,0,ALPH,1.0
nl_125_letter_J_0175,125,1,0,ALPH,1.0
nl_125_letter_J_0176,125,1,0,ALPH,1.0
nl_125_letter_J_0178,125,1,0,ALPH,1.0
nl_125_letter_J_0181,125,1,0,ALPH,1.0
nl_125_letter_J_0182,125,1,0,ALPH,1.0
nl_125_letter_J_0184,125,1,0,ALPH,1.0
nl_125_letter_J_0185,125,1,0,ALPH,1.0
nl_125_letter_J_0186,125,1,0,ALPH,1.0
nl_125_letter_J_0187,125,1,0,ALPH,1.0
nl_125_letter_J_0188,125,1,0,ALPH,1.0
nl_125_letter_J_0189,125,1,0,ALPH,1.0
nl_125_letter_J_0194,125,1,0,ALPH,1.0
nl_125_letter_J_0195,125,1,0,ALPH,1.0
nl_125_letter_J_0197,125,1,0,ALPH,1.0
nl_125_letter_J_0198,125,1,0,ALPH,1.0
nl_125_letter_J_0199,125,1,0,ALPH,1.0
nl_125_letter_J_0200,125,1,0,ALPH,1.0
nl_125_letter_J_0201,125,1,0,ALPH,1.0
nl_125_letter_J_0202,125,1,0,ALPH,1.0
nl_125_letter_J_0204,125,1,0,ALPH,1.0
nl_125_letter_J_0206,125,1,0,ALPH,1.0
nl_125_letter_J_0207,125,1,0,ALPH,1.0
nl_125_letter_J_0208,125,1,0,ALPH,1.0
nl_125_letter_J_0209,125,1,0,ALPH,1.0
nl_125_letter_J_0210,125,1,0,ALPH,1.0
nl_125_letter_J_0215,125,1,0,ALPH,1.0
nl_125_letter_J_0216,125,1,0,ALPH,1.0
nl_125_letter_J_0217,125,1,0,ALPH,1.0
nl_125_letter_J_0218,125,1,0,ALPH,1.0
nl_125_letter_J_0219,125,1,0,ALPH,1.0
nl_125_letter_J_0220,125,1,0,ALPH,1.0
nl_125_letter_J_0227,125,1,0,ALPH,1.0
nl_125_letter_J_0228,125,1,0,ALPH,1.0
nl_125_letter_J_0230,125,1,0,ALPH,1.0
nl_125_letter_J_0235,125,1,0,ALPH,1.0
nl_125_letter_J_0237,125,1,0,ALPH,1.0
nl_125_letter_J_0238,125,1,0,ALPH,1.0
nl_125_letter_J_0240,125,1,0,ALPH,1.0
nl_125_letter_J_0241,125,1,0,ALPH,1.0
nl_125_letter_J_0244,125,1,0,ALPH,1.0
nl_125_letter_J_0245,125,1,0,ALPH,1.0
nl_125_letter_J_0246,125,1,0,ALPH,1.0
nl_125_letter_J_0247,125,1,0,ALPH,1.0
nl_125_letter_J_0248,125,1,0,ALPH,1.0
nl_125_letter_J_0249,125,1,0,ALPH,1.0
nl_125_letter_J_0250,125,1,0,ALPH,1.0
nl_125_letter_J_0251,125,1,0,ALPH,1.0
nl_125_letter_J_0252,125,1,0,ALPH,1.0
nl_125_letter_J_0253,125,1,0,ALPH,1.0
nl_125_letter_J_0257,125,1,0,ALPH,1.0
nl_125_letter_J_0258,125,1,0,ALPH,1.0
nl_125_letter_J_0259,125,1,0,ALPH,1.0
nl_125_letter_J_0260,125,1,0,ALPH,1.0
nl_125_letter_J_0263,125,1,0,ALPH,1.0
nl_125_letter_J_0264,125,1,0,ALPH,1.0
nl_125_letter_J_0265,125,1,0,ALPH,1.0
nl_125_letter_J_0266,125,1,0,ALPH,1.0
nl_125_letter_J_0267,125,1,0,ALPH,1.0
nl_125_letter_J_0268,125,1,0,ALPH,1.0
nl_125_letter_J_0269,125,1,0,ALPH,1.0
nl_125_letter_J_0271,125,1,0,ALPH,1.0
nl_125_letter_J_0298,125,1,0,ALPH,1.0
nl_126_letter_K_0062,126,1,0,ALPH,1.0
nl_126_letter_K_0078,126,1,0,ALPH,1.0
nl_126_letter_K_0079,126,1,0,ALPH,1.0
nl_126_letter_K_0092,126,1,0,ALPH,1.0
nl_126_letter_K_0106,126,1,0,ALPH,1.0
nl_126_letter_K_0112,126,1,0,ALPH,1.0
nl_126_letter_K_0132,126,1,0,ALPH,1.0
nl_126_letter_K_0133,126,1,0,ALPH,1.0
nl_126_letter_K_0141,126,1,0,ALPH,1.0
nl_126_letter_K_0142,126,1,0,ALPH,1.0
nl_126_letter_K_0143,126,1,0,ALPH,1.0
nl_126_letter_K_0145,126,1,0,ALPH,1.0
nl_126_letter_K_0184,126,1,0,ALPH,1.0
nl_126_letter_K_0185,126,1,0,ALPH,1.0
nl_126_letter_K_0186,126,1,0,ALPH,1.0
nl_126_letter_K_0205,126,1,0,ALPH,1.0
nl_126_letter_K_0207,126,1,0,ALPH,1.0
nl_126_letter_K_0209,126,1,0,ALPH,1.0
nl_126_letter_K_0212,126,1,0,ALPH,1.0
nl_126_letter_K_0214,126,1,0,ALPH,1.0
nl_126_letter_K_0218,126,1,0,ALPH,1.0
nl_126_letter_K_0223,126,1,0,ALPH,1.0
nl_126_letter_K_0230,126,1,0,ALPH,1.0
nl_126_letter_K_0231,126,1,0,ALPH,1.0
nl_126_letter_K_0232,126,1,0,ALPH,1.0
nl_126_letter_K_0233,126,1,0,ALPH,1.0
nl_126_letter_K_0234,126,1,0,ALPH,1.0
nl_126_letter_K_0236,126,1,0,ALPH,1.0
nl_126_letter_K_0259,126,1,0,ALPH,1.0
nl_126_letter_K_0262,126,1,0,ALPH,1.0
nl_126_letter_K_0267,126,1,0,ALPH,1.0
nl_126_letter_K_0274,126,1,0,ALPH,1.0
nl_126_letter_K_0283,126,1,0,ALPH,1.0
nl_126_letter_K_0285,126,1,0,ALPH,1.0
nl_126_letter_K_0286,126,1,0,ALPH,1.0
nl_126_letter_K_0288,126,1,0,ALPH,1.0
nl_126_letter_K_0292,126,1,0,ALPH,1.0
nl_126_letter_K_0295,126,1,0,ALPH,1.0
nl_127_letter_L_0065,127,1,0,ALPH,1.0
nl_127_letter_L_0067,127,1,0,ALPH,1.0
nl_127_letter_L_0071,127,1,0,ALPH,1.0
nl_127_letter_L_0074,127,1,0,ALPH,1.0
nl_127_letter_L_0078,127,1,0,ALPH,1.0
nl_127_letter_L_0091,127,1,0,ALPH,1.0
nl_127_letter_L_0099,127,1,0,ALPH,1.0
nl_127_letter_L_0108,127,1,0,ALPH,1.0
nl_127_letter_L_0120,127,1,0,ALPH,1.0
nl_127_letter_L_0131,127,1,0,ALPH,1.0
nl_127_letter_L_0134,127,1,0,ALPH,1.0
nl_127_letter_L_0163,127,1,0,ALPH,1.0
nl_127_letter_L_0166,127,1,0,ALPH,1.0
nl_127_letter_L_0170,127,1,0,ALPH,1.0
nl_127_letter_L_0171,127,1,0,ALPH,1.0
nl_127_letter_L_0176,127,1,0,ALPH,1.0
nl_127_letter_L_0181,127,1,0,ALPH,1.0
nl_127_letter_L_0190,127,1,0,ALPH,1.0
nl_127_letter_L_0211,127,1,0,ALPH,1.0
nl_127_letter_L_0222,127,1,0,ALPH,1.0
nl_127_letter_L_0223,127,1,0,ALPH,1.0
nl_127_letter_L_0224,127,1,0,ALPH,1.0
nl_127_letter_L_0239,127,1,0,ALPH,1.0
nl_127_letter_L_0242,127,1,0,ALPH,1.0
nl_127_letter_L_0274,127,1,0,ALPH,1.0
nl_127_letter_L_0297,127,1,0,ALPH,1.0
nl_127_letter_L_0299,127,1,0,ALPH,1.0
nl_128_letter_M_0061,128,1,0,ALPH,1.0
nl_128_letter_M_0062,128,1,0,ALPH,1.0
nl_128_letter_M_0063,128,1,0,ALPH,1.0
nl_128_letter_M_0065,128,1,0,ALPH,1.0
nl_128_letter_M_0066,128,1,0,ALPH,1.0
nl_128_letter_M_0067,128,1,0,ALPH,1.0
nl_128_letter_M_0069,128,1,0,ALPH,1.0
nl_128_letter_M_0070,128,1,0,ALPH,1.0
nl_128_letter_M_0080,128,1,0,ALPH,1.0
nl_128_letter_M_0081,128,1,0,ALPH,1.0
nl_128_letter_M_0085,128,1,0,ALPH,1.0
nl_128_letter_M_0088,128,1,0,ALPH,1.0
nl_128_letter_M_0090,128,1,0,ALPH,1.0
nl_128_letter_M_0091,128,1,0,ALPH,1.0
nl_128_letter_M_0092,128,1,0,ALPH,1.0
nl_128_letter_M_0093,128,1,0,ALPH,1.0
nl_128_letter_M_0095,128,1,0,ALPH,1.0
nl_128_letter_M_0098,128,1,0,ALPH,1.0
nl_128_letter_M_0109,128,1,0,ALPH,1.0
nl_128_letter_M_0111,128,1,0,ALPH,1.0
nl_128_letter_M_0112,128,1,0,ALPH,1.0
nl_128_letter_M_0113,128,1,0,ALPH,1.0
nl_128_letter_M_0114,128,1,0,ALPH,1.0
nl_128_letter_M_0115,128,1,0,ALPH,1.0
nl_128_letter_M_0117,128,1,0,ALPH,1.0
nl_128_letter_M_0119,128,1,0,ALPH,1.0
nl_128_letter_M_0122,128,1,0,ALPH,1.0
nl_128_letter_M_0123,128,1,0,ALPH,1.0
nl_128_letter_M_0124,128,1,0,ALPH,1.0
nl_128_letter_M_0125,128,1,0,ALPH,1.0
nl_128_letter_M_0130,128,1,0,ALPH,1.0
nl_128_letter_M_0133,128,1,0,ALPH,1.0
nl_128_letter_M_0136,128,1,0,ALPH,1.0
nl_128_letter_M_0137,128,1,0,ALPH,1.0
nl_128_letter_M_0138,128,1,0,ALPH,1.0
nl_128_letter_M_0141,128,1,0,ALPH,1.0
nl_128_letter_M_0147,128,1,0,ALPH,1.0
nl_128_letter_M_0148,128,1,0,ALPH,1.0
nl_128_letter_M_0155,128,1,0,ALPH,1.0
nl_128_letter_M_0160,128,1,0,ALPH,1.0
nl_128_letter_M_0161,128,1,0,ALPH,1.0
nl_128_letter_M_0162,128,1,0,ALPH,1.0
nl_128_letter_M_0168,128,1,0,ALPH,1.0
nl_128_letter_M_0169,128,1,0,ALPH,1.0
nl_128_letter_M_0170,128,1,0,ALPH,1.0
nl_128_letter_M_0172,128,1,0,ALPH,1.0
nl_128_letter_M_0173,128,1,0,ALPH,1.0
nl_128_letter_M_0174,128,1,0,ALPH,1.0
nl_128_letter_M_0175,128,1,0,ALPH,1.0
nl_128_letter_M_0176,128,1,0,ALPH,1.0
nl_128_letter_M_0177,128,1,0,ALPH,1.0
nl_128_letter_M_0180,128,1,0,ALPH,1.0
nl_128_letter_M_0181,128,1,0,ALPH,1.0
nl_128_letter_M_0183,128,1,0,ALPH,1.0
nl_128_letter_M_0184,128,1,0,ALPH,1.0
nl_128_letter_M_0185,128,1,0,ALPH,1.0
nl_128_letter_M_0187,128,1,0,ALPH,1.0
nl_128_letter_M_0190,128,1,0,ALPH,1.0
nl_128_letter_M_0192,128,1,0,ALPH,1.0
nl_128_letter_M_0193,128,1,0,ALPH,1.0
nl_128_letter_M_0194,128,1,0,ALPH,1.0
nl_128_letter_M_0196,128,1,0,ALPH,1.0
nl_128_letter_M_0197,128,1,0,ALPH,1.0
nl_128_letter_M_0199,128,1,0,ALPH,1.0
nl_128_letter_M_0200,128,1,0,ALPH,1.0
nl_128_letter_M_0201,128,1,0,ALPH,1.0
nl_128_letter_M_0203,128,1,0,ALPH,1.0
nl_128_letter_M_0204,128,1,0,ALPH,1.0
nl_128_letter_M_0205,128,1,0,ALPH,1.0
nl_128_letter_M_0206,128,1,0,ALPH,1.0
nl_128_letter_M_0212,128,1,0,ALPH,1.0
nl_128_letter_M_0213,128,1,0,ALPH,1.0
nl_128_letter_M_0214,128,1,0,ALPH,1.0
nl_128_letter_M_0215,128,1,0,ALPH,1.0
nl_128_letter_M_0217,128,1,0,ALPH,1.0
nl_128_letter_M_0218,128,1,0,ALPH,1.0
nl_128_letter_M_0219,128,1,0,ALPH,1.0
nl_128_letter_M_0223,128,1,0,ALPH,1.0
nl_128_letter_M_0224,128,1,0,ALPH,1.0
nl_128_letter_M_0225,128,1,0,ALPH,1.0
nl_128_letter_M_0227,128,1,0,ALPH,1.0
nl_128_letter_M_0228,128,1,0,ALPH,1.0
nl_128_letter_M_0229,128,1,0,ALPH,1.0
nl_128_letter_M_0230,128,1,0,ALPH,1.0
nl_128_letter_M_0232,128,1,0,ALPH,1.0
nl_128_letter_M_0233,128,1,0,ALPH,1.0
nl_128_letter_M_0234,128,1,0,ALPH,1.0
nl_128_letter_M_0236,128,1,0,ALPH,1.0
nl_128_letter_M_0237,128,1,0,ALPH,1.0
nl_128_letter_M_0239,128,1,0,ALPH,1.0
nl_128_letter_M_0240,128,1,0,ALPH,1.0
nl_128_letter_M_0245,128,1,0,ALPH,1.0
nl_128_letter_M_0247,128,1,0,ALPH,1.0
nl_128_letter_M_0250,128,1,0,ALPH,1.0
nl_128_letter_M_0251,128,1,0,ALPH,1.0
nl_128_letter_M_0252,128,1,0,ALPH,1.0
nl_128_letter_M_0253,128,1,0,ALPH,1.0
nl_128_letter_M_0254,128,1,0,ALPH,1.0
nl_128_letter_M_0255,128,1,0,ALPH,1.0
nl_128_letter_M_0256,128,1,0,ALPH,1.0
nl_128_letter_M_0257,128,1,0,ALPH,1.0
nl_128_letter_M_0258,128,1,0,ALPH,1.0
nl_128_letter_M_0259,128,1,0,ALPH,1.0
nl_128_letter_M_0261,128,1,0,ALPH,1.0
nl_128_letter_M_0262,128,1,0,ALPH,1.0
nl_128_letter_M_0265,128,1,0,ALPH,1.0
nl_128_letter_M_0272,128,1,0,ALPH,1.0
nl_128_letter_M_0273,128,1,0,ALPH,1.0
nl_128_letter_M_0274,128,1,0,ALPH,1.0
nl_128_letter_M_0275,128,1,0,ALPH,1.0
nl_128_letter_M_0276,128,1,0,ALPH,1.0
nl_128_letter_M_0278,128,1,0,ALPH,1.0
nl_128_letter_M_0279,128,1,0,ALPH,1.0
nl_128_letter_M_0281,128,1,0,ALPH,1.0
nl_128_letter_M_0282,128,1,0,ALPH,1.0
nl_128_letter_M_0283,128,1,0,ALPH,1.0
nl_128_letter_M_0284,128,1,0,ALPH,1.0
nl_128_letter_M_0285,128,1,0,ALPH,1.0
nl_128_letter_M_0286,128,1,0,ALPH,1.0
nl_128_letter_M_0287,128,1,0,ALPH,1.0
nl_128_letter_M_0288,128,1,0,ALPH,1.0
nl_128_letter_M_0289,128,1,0,ALPH,1.0
nl_128_letter_M_0290,128,1,0,ALPH,1.0
nl_128_letter_M_0291,128,1,0,ALPH,1.0
nl_128_letter_M_0294,128,1,0,ALPH,1.0
nl_128_letter_M_0295,128,1,0,ALPH,1.0
nl_128_letter_M_0296,128,1,0,ALPH,1.0
nl_128_letter_M_0297,128,1,0,ALPH,1.0
nl_128_letter_M_0298,128,1,0,ALPH,1.0
nl_128_letter_M_0299,128,1,0,ALPH,1.0
nl_129_letter_N_0060,129,1,0,ALPH,1.0
nl_129_letter_N_0061,129,1,0,ALPH,1.0
nl_129_letter_N_0062,129,1,0,ALPH,1.0
nl_129_letter_N_0063,129,1,0,ALPH,1.0
nl_129_letter_N_0065,129,1,0,ALPH,1.0
nl_129_letter_N_0066,129,1,0,ALPH,1.0
nl_129_letter_N_0071,129,1,0,ALPH,1.0
nl_129_letter_N_0075,129,1,0,ALPH,1.0
nl_129_letter_N_0076,129,1,0,ALPH,1.0
nl_129_letter_N_0077,129,1,0,ALPH,1.0
nl_129_letter_N_0078,129,1,0,ALPH,1.0
nl_129_letter_N_0079,129,1,0,ALPH,1.0
nl_129_letter_N_0092,129,1,0,ALPH,1.0
nl_129_letter_N_0098,129,1,0,ALPH,1.0
nl_129_letter_N_0103,129,1,0,ALPH,1.0
nl_129_letter_N_0109,129,1,0,ALPH,1.0
nl_129_letter_N_0113,129,1,0,ALPH,1.0
nl_129_letter_N_0114,129,1,0,ALPH,1.0
nl_129_letter_N_0118,129,1,0,ALPH,1.0
nl_129_letter_N_0119,129,1,0,ALPH,1.0
nl_129_letter_N_0121,129,1,0,ALPH,1.0
nl_129_letter_N_0122,129,1,0,ALPH,1.0
nl_129_letter_N_0123,129,1,0,ALPH,1.0
nl_129_letter_N_0124,129,1,0,ALPH,1.0
nl_129_letter_N_0125,129,1,0,ALPH,1.0
nl_129_letter_N_0130,129,1,0,ALPH,1.0
nl_129_letter_N_0131,129,1,0,ALPH,1.0
nl_129_letter_N_0133,129,1,0,ALPH,1.0
nl_129_letter_N_0134,129,1,0,ALPH,1.0
nl_129_letter_N_0135,129,1,0,ALPH,1.0
nl_129_letter_N_0140,129,1,0,ALPH,1.0
nl_129_letter_N_0146,129,1,0,ALPH,1.0
nl_129_letter_N_0157,129,1,0,ALPH,1.0
nl_129_letter_N_0159,129,1,0,ALPH,1.0
nl_129_letter_N_0162,129,1,0,ALPH,1.0
nl_129_letter_N_0165,129,1,0,ALPH,1.0
nl_129_letter_N_0166,129,1,0,ALPH,1.0
nl_129_letter_N_0172,129,1,0,ALPH,1.0
nl_129_letter_N_0173,129,1,0,ALPH,1.0
nl_129_letter_N_0178,129,1,0,ALPH,1.0
nl_129_letter_N_0181,129,1,0,ALPH,1.0
nl_129_letter_N_0182,129,1,0,ALPH,1.0
nl_129_letter_N_0190,129,1,0,ALPH,1.0
nl_129_letter_N_0197,129,1,0,ALPH,1.0
nl_129_letter_N_0198,129,1,0,ALPH,1.0
nl_129_letter_N_0202,129,1,0,ALPH,1.0
nl_129_letter_N_0206,129,1,0,ALPH,1.0
nl_129_letter_N_0209,129,1,0,ALPH,1.0
nl_129_letter_N_0213,129,1,0,ALPH,1.0
nl_129_letter_N_0219,129,1,0,ALPH,1.0
nl_129_letter_N_0221,129,1,0,ALPH,1.0
nl_129_letter_N_0224,129,1,0,ALPH,1.0
nl_129_letter_N_0226,129,1,0,ALPH,1.0
nl_129_letter_N_0233,129,1,0,ALPH,1.0
nl_129_letter_N_0234,129,1,0,ALPH,1.0
nl_129_letter_N_0238,129,1,0,ALPH,1.0
nl_129_letter_N_0253,129,1,0,ALPH,1.0
nl_129_letter_N_0254,129,1,0,ALPH,1.0
nl_129_letter_N_0260,129,1,0,ALPH,1.0
nl_129_letter_N_0269,129,1,0,ALPH,1.0
nl_129_letter_N_0270,129,1,0,ALPH,1.0
nl_129_letter_N_0273,129,1,0,ALPH,1.0
nl_129_letter_N_0275,129,1,0,ALPH,1.0
nl_129_letter_N_0277,129,1,0,ALPH,1.0
nl_129_letter_N_0281,129,1,0,ALPH,1.0
nl_129_letter_N_0284,129,1,0,ALPH,1.0
nl_129_letter_N_0285,129,1,0,ALPH,1.0
nl_129_letter_N_0298,129,1,0,ALPH,1.0
nl_129_letter_N_0299,129,1,0,ALPH,1.0
nl_130_letter_O_0061,130,1,0,ALPH,1.0
nl_130_letter_O_0062,130,1,0,ALPH,1.0
nl_130_letter_O_0063,130,1,0,ALPH,1.0
nl_130_letter_O_0064,130,1,0,ALPH,1.0
nl_130_letter_O_0065,130,1,0,ALPH,1.0
nl_130_letter_O_0066,130,1,0,ALPH,1.0
nl_130_letter_O_0076,130,1,0,ALPH,1.0
nl_130_letter_O_0077,130,1,0,ALPH,1.0
nl_130_letter_O_0091,130,1,0,ALPH,1.0
nl_130_letter_O_0114,130,1,0,ALPH,1.0
nl_130_letter_O_0126,130,1,0,ALPH,1.0
nl_130_letter_O_0133,130,1,0,ALPH,1.0
nl_130_letter_O_0140,130,1,0,ALPH,1.0
nl_130_letter_O_0141,130,1,0,ALPH,1.0
nl_130_letter_O_0160,130,1,0,ALPH,1.0
nl_130_letter_O_0170,130,1,0,ALPH,1.0
nl_130_letter_O_0174,130,1,0,ALPH,1.0
nl_130_letter_O_0188,130,1,0,ALPH,1.0
nl_130_letter_O_0191,130,1,0,ALPH,1.0
nl_130_letter_O_0192,130,1,0,ALPH,1.0
nl_130_letter_O_0193,130,1,0,ALPH,1.0
nl_130_letter_O_0194,130,1,0,ALPH,1.0
nl_130_letter_O_0195,130,1,0,ALPH,1.0
nl_130_letter_O_0196,130,1,0,ALPH,1.0
nl_130_letter_O_0197,130,1,0,ALPH,1.0
nl_130_letter_O_0198,130,1,0,ALPH,1.0
nl_130_letter_O_0199,130,1,0,ALPH,1.0
nl_130_letter_O_0202,130,1,0,ALPH,1.0
nl_130_letter_O_0204,130,1,0,ALPH,1.0
nl_130_letter_O_0205,130,1,0,ALPH,1.0
nl_130_letter_O_0209,130,1,0,ALPH,1.0
nl_130_letter_O_0210,130,1,0,ALPH,1.0
nl_130_letter_O_0211,130,1,0,ALPH,1.0
nl_130_letter_O_0212,130,1,0,ALPH,1.0
nl_130_letter_O_0213,130,1,0,ALPH,1.0
nl_130_letter_O_0214,130,1,0,ALPH,1.0
nl_130_letter_O_0216,130,1,0,ALPH,1.0
nl_130_letter_O_0217,130,1,0,ALPH,1.0
nl_130_letter_O_0218,130,1,0,ALPH,1.0
nl_130_letter_O_0219,130,1,0,ALPH,1.0
nl_130_letter_O_0220,130,1,0,ALPH,1.0
nl_130_letter_O_0221,130,1,0,ALPH,1.0
nl_130_letter_O_0222,130,1,0,ALPH,1.0
nl_130_letter_O_0223,130,1,0,ALPH,1.0
nl_130_letter_O_0224,130,1,0,ALPH,1.0
nl_130_letter_O_0225,130,1,0,ALPH,1.0
nl_130_letter_O_0226,130,1,0,ALPH,1.0
nl_130_letter_O_0227,130,1,0,ALPH,1.0
nl_130_letter_O_0228,130,1,0,ALPH,1.0
nl_130_letter_O_0229,130,1,0,ALPH,1.0
nl_130_letter_O_0230,130,1,0,ALPH,1.0
nl_130_letter_O_0231,130,1,0,ALPH,1.0
nl_130_letter_O_0232,130,1,0,ALPH,1.0
nl_130_letter_O_0233,130,1,0,ALPH,1.0
nl_130_letter_O_0234,130,1,0,ALPH,1.0
nl_130_letter_O_0235,130,1,0,ALPH,1.0
nl_130_letter_O_0236,130,1,0,ALPH,1.0
nl_130_letter_O_0238,130,1,0,ALPH,1.0
nl_130_letter_O_0239,130,1,0,ALPH,1.0
nl_130_letter_O_0240,130,1,0,ALPH,1.0
nl_130_letter_O_0241,130,1,0,ALPH,1.0
nl_130_letter_O_0242,130,1,0,ALPH,1.0
nl_130_letter_O_0243,130,1,0,ALPH,1.0
nl_130_letter_O_0244,130,1,0,ALPH,1.0
nl_130_letter_O_0245,130,1,0,ALPH,1.0
nl_130_letter_O_0246,130,1,0,ALPH,1.0
nl_130_letter_O_0250,130,1,0,ALPH,1.0
nl_130_letter_O_0251,130,1,0,ALPH,1.0
nl_130_letter_O_0252,130,1,0,ALPH,1.0
nl_130_letter_O_0253,130,1,0,ALPH,1.0
nl_130_letter_O_0257,130,1,0,ALPH,1.0
nl_130_letter_O_0259,130,1,0,ALPH,1.0
nl_130_letter_O_0260,130,1,0,ALPH,1.0
nl_130_letter_O_0269,130,1,0,ALPH,1.0
nl_130_letter_O_0271,130,1,0,ALPH,1.0
nl_130_letter_O_0273,130,1,0,ALPH,1.0
nl_130_letter_O_0277,130,1,0,ALPH,1.0
nl_130_letter_O_0281,130,1,0,ALPH,1.0
nl_130_letter_O_0283,130,1,0,ALPH,1.0
nl_131_letter_P_0084,131,1,0,ALPH,1.0
nl_131_letter_P_0085,131,1,0,ALPH,1.0
nl_131_letter_P_0086,131,1,0,ALPH,1.0
nl_131_letter_P_0090,131,1,0,ALPH,1.0
nl_131_letter_P_0091,131,1,0,ALPH,1.0
nl_131_letter_P_0096,131,1,0,ALPH,1.0
nl_131_letter_P_0113,131,1,0,ALPH,1.0
nl_131_letter_P_0120,131,1,0,ALPH,1.0
nl_131_letter_P_0129,131,1,0,ALPH,1.0
nl_131_letter_P_0146,131,1,0,ALPH,1.0
nl_131_letter_P_0205,131,1,0,ALPH,1.0
nl_131_letter_P_0223,131,1,0,ALPH,1.0
nl_131_letter_P_0225,131,1,0,ALPH,1.0
nl_131_letter_P_0240,131,1,0,ALPH,1.0
nl_131_letter_P_0241,131,1,0,ALPH,1.0
nl_131_letter_P_0249,131,1,0,ALPH,1.0
nl_131_letter_P_0250,131,1,0,ALPH,1.0
nl_131_letter_P_0251,131,1,0,ALPH,1.0
nl_131_letter_P_0277,131,1,0,ALPH,1.0
nl_131_letter_P_0280,131,1,0,ALPH,1.0
nl_131_letter_P_0281,131,1,0,ALPH,1.0
nl_131_letter_P_0287,131,1,0,ALPH,1.0
nl_131_letter_P_0290,131,1,0,ALPH,1.0
nl_131_letter_P_0291,131,1,0,ALPH,1.0
nl_131_letter_P_0292,131,1,0,ALPH,1.0
nl_131_letter_P_0294,131,1,0,ALPH,1.0
nl_131_letter_P_0295,131,1,0,ALPH,1.0
nl_131_letter_P_0296,131,1,0,ALPH,1.0
nl_131_letter_P_0297,131,1,0,ALPH,1.0
nl_131_letter_P_0298,131,1,0,ALPH,1.0
nl_131_letter_P_0299,131,1,0,ALPH,1.0
nl_132_letter_Q_0097,132,1,0,ALPH,1.0
nl_132_letter_Q_0103,132,1,0,ALPH,1.0
nl_132_letter_Q_0141,132,1,0,ALPH,1.0
nl_132_letter_Q_0157,132,1,0,ALPH,1.0
nl_132_letter_Q_0179,132,1,0,ALPH,1.0
nl_132_letter_Q_0199,132,1,0,ALPH,1.0
nl_132_letter_Q_0226,132,1,0,ALPH,1.0
nl_132_letter_Q_0233,132,1,0,ALPH,1.0
nl_132_letter_Q_0242,132,1,0,ALPH,1.0
nl_132_letter_Q_0244,132,1,0,ALPH,1.0
nl_132_letter_Q_0246,132,1,0,ALPH,1.0
nl_132_letter_Q_0248,132,1,0,ALPH,1.0
nl_132_letter_Q_0254,132,1,0,ALPH,1.0
nl_132_letter_Q_0255,132,1,0,ALPH,1.0
nl_132_letter_Q_0265,132,1,0,ALPH,1.0
nl_132_letter_Q_0267,132,1,0,ALPH,1.0
nl_132_letter_Q_0296,132,1,0,ALPH,1.0
nl_132_letter_Q_0299,132,1,0,ALPH,1.0
nl_133_letter_R_0064,133,1,0,ALPH,1.0
nl_133_letter_R_0070,133,1,0,ALPH,1.0
nl_133_letter_R_0073,133,1,0,ALPH,1.0
nl_133_letter_R_0074,133,1,0,ALPH,1.0
nl_133_letter_R_0076,133,1,0,ALPH,1.0
nl_133_letter_R_0077,133,1,0,ALPH,1.0
nl_133_letter_R_0078,133,1,0,ALPH,1.0
nl_133_letter_R_0079,133,1,0,ALPH,1.0
nl_133_letter_R_0080,133,1,0,ALPH,1.0
nl_133_letter_R_0081,133,1,0,ALPH,1.0
nl_133_letter_R_0084,133,1,0,ALPH,1.0
nl_133_letter_R_0086,133,1,0,ALPH,1.0
nl_133_letter_R_0091,133,1,0,ALPH,1.0
nl_133_letter_R_0099,133,1,0,ALPH,1.0
nl_133_letter_R_0102,133,1,0,ALPH,1.0
nl_133_letter_R_0103,133,1,0,ALPH,1.0
nl_133_letter_R_0105,133,1,0,ALPH,1.0
nl_133_letter_R_0109,133,1,0,ALPH,1.0
nl_133_letter_R_0111,133,1,0,ALPH,1.0
nl_133_letter_R_0121,133,1,0,ALPH,1.0
nl_133_letter_R_0122,133,1,0,ALPH,1.0
nl_133_letter_R_0134,133,1,0,ALPH,1.0
nl_133_letter_R_0140,133,1,0,ALPH,1.0
nl_133_letter_R_0142,133,1,0,ALPH,1.0
nl_133_letter_R_0143,133,1,0,ALPH,1.0
nl_133_letter_R_0145,133,1,0,ALPH,1.0
nl_133_letter_R_0146,133,1,0,ALPH,1.0
nl_133_letter_R_0147,133,1,0,ALPH,1.0
nl_133_letter_R_0149,133,1,0,ALPH,1.0
nl_133_letter_R_0150,133,1,0,ALPH,1.0
nl_133_letter_R_0151,133,1,0,ALPH,1.0
nl_133_letter_R_0152,133,1,0,ALPH,1.0
nl_133_letter_R_0178,133,1,0,ALPH,1.0
nl_133_letter_R_0181,133,1,0,ALPH,1.0
nl_133_letter_R_0184,133,1,0,ALPH,1.0
nl_133_letter_R_0188,133,1,0,ALPH,1.0
nl_133_letter_R_0189,133,1,0,ALPH,1.0
nl_133_letter_R_0193,133,1,0,ALPH,1.0
nl_133_letter_R_0194,133,1,0,ALPH,1.0
nl_133_letter_R_0196,133,1,0,ALPH,1.0
nl_133_letter_R_0197,133,1,0,ALPH,1.0
nl_133_letter_R_0198,133,1,0,ALPH,1.0
nl_133_letter_R_0202,133,1,0,ALPH,1.0
nl_133_letter_R_0203,133,1,0,ALPH,1.0
nl_133_letter_R_0204,133,1,0,ALPH,1.0
nl_133_letter_R_0205,133,1,0,ALPH,1.0
nl_133_letter_R_0207,133,1,0,ALPH,1.0
nl_133_letter_R_0212,133,1,0,ALPH,1.0
nl_133_letter_R_0214,133,1,0,ALPH,1.0
nl_133_letter_R_0215,133,1,0,ALPH,1.0
nl_133_letter_R_0216,133,1,0,ALPH,1.0
nl_133_letter_R_0217,133,1,0,ALPH,1.0
nl_133_letter_R_0218,133,1,0,ALPH,1.0
nl_133_letter_R_0221,133,1,0,ALPH,1.0
nl_133_letter_R_0222,133,1,0,ALPH,1.0
nl_133_letter_R_0223,133,1,0,ALPH,1.0
nl_133_letter_R_0229,133,1,0,ALPH,1.0
nl_133_letter_R_0230,133,1,0,ALPH,1.0
nl_133_letter_R_0231,133,1,0,ALPH,1.0
nl_133_letter_R_0232,133,1,0,ALPH,1.0
nl_133_letter_R_0234,133,1,0,ALPH,1.0
nl_133_letter_R_0236,133,1,0,ALPH,1.0
nl_133_letter_R_0243,133,1,0,ALPH,1.0
nl_133_letter_R_0271,133,1,0,ALPH,1.0
nl_133_letter_R_0275,133,1,0,ALPH,1.0
nl_133_letter_R_0277,133,1,0,ALPH,1.0
nl_133_letter_R_0282,133,1,0,ALPH,1.0
nl_133_letter_R_0296,133,1,0,ALPH,1.0
nl_134_letter_S_0060,134,1,0,ALPH,1.0
nl_134_letter_S_0061,134,1,0,ALPH,1.0
nl_134_letter_S_0062,134,1,0,ALPH,1.0
nl_134_letter_S_0063,134,1,0,ALPH,1.0
nl_134_letter_S_0064,134,1,0,ALPH,1.0
nl_134_letter_S_0065,134,1,0,ALPH,1.0
nl_134_letter_S_0066,134,1,0,ALPH,1.0
nl_134_letter_S_0067,134,1,0,ALPH,1.0
nl_134_letter_S_0068,134,1,0,ALPH,1.0
nl_134_letter_S_0070,134,1,0,ALPH,1.0
nl_134_letter_S_0071,134,1,0,ALPH,1.0
nl_134_letter_S_0073,134,1,0,ALPH,1.0
nl_134_letter_S_0074,134,1,0,ALPH,1.0
nl_134_letter_S_0075,134,1,0,ALPH,1.0
nl_134_letter_S_0077,134,1,0,ALPH,1.0
nl_134_letter_S_0080,134,1,0,ALPH,1.0
nl_134_letter_S_0081,134,1,0,ALPH,1.0
nl_134_letter_S_0082,134,1,0,ALPH,1.0
nl_134_letter_S_0083,134,1,0,ALPH,1.0
nl_134_letter_S_0084,134,1,0,ALPH,1.0
nl_134_letter_S_0085,134,1,0,ALPH,1.0
nl_134_letter_S_0086,134,1,0,ALPH,1.0
nl_134_letter_S_0087,134,1,0,ALPH,1.0
nl_134_letter_S_0089,134,1,0,ALPH,1.0
nl_134_letter_S_0090,134,1,0,ALPH,1.0
nl_134_letter_S_0092,134,1,0,ALPH,1.0
nl_134_letter_S_0093,134,1,0,ALPH,1.0
nl_134_letter_S_0094,134,1,0,ALPH,1.0
nl_134_letter_S_0095,134,1,0,ALPH,1.0
nl_134_letter_S_0097,134,1,0,ALPH,1.0
nl_134_letter_S_0098,134,1,0,ALPH,1.0
nl_134_letter_S_0102,134,1,0,ALPH,1.0
nl_134_letter_S_0103,134,1,0,ALPH,1.0
nl_134_letter_S_0104,134,1,0,ALPH,1.0
nl_134_letter_S_0106,134,1,0,ALPH,1.0
nl_134_letter_S_0107,134,1,0,ALPH,1.0
nl_134_letter_S_0108,134,1,0,ALPH,1.0
nl_134_letter_S_0109,134,1,0,ALPH,1.0
nl_134_letter_S_0111,134,1,0,ALPH,1.0
nl_134_letter_S_0112,134,1,0,ALPH,1.0
nl_134_letter_S_0113,134,1,0,ALPH,1.0
nl_134_letter_S_0114,134,1,0,ALPH,1.0
nl_134_letter_S_0115,134,1,0,ALPH,1.0
nl_134_letter_S_0116,134,1,0,ALPH,1.0
nl_134_letter_S_0117,134,1,0,ALPH,1.0
nl_134_letter_S_0118,134,1,0,ALPH,1.0
nl_134_letter_S_0119,134,1,0,ALPH,1.0
nl_134_letter_S_0120,134,1,0,ALPH,1.0
nl_134_letter_S_0121,134,1,0,ALPH,1.0
nl_134_letter_S_0122,134,1,0,ALPH,1.0
nl_134_letter_S_0123,134,1,0,ALPH,1.0
nl_134_letter_S_0125,134,1,0,ALPH,1.0
nl_134_letter_S_0130,134,1,0,ALPH,1.0
nl_134_letter_S_0137,134,1,0,ALPH,1.0
nl_134_letter_S_0159,134,1,0,ALPH,1.0
nl_134_letter_S_0169,134,1,0,ALPH,1.0
nl_134_letter_S_0181,134,1,0,ALPH,1.0
nl_134_letter_S_0193,134,1,0,ALPH,1.0
nl_134_letter_S_0194,134,1,0,ALPH,1.0
nl_134_letter_S_0195,134,1,0,ALPH,1.0
nl_134_letter_S_0196,134,1,0,ALPH,1.0
nl_134_letter_S_0197,134,1,0,ALPH,1.0
nl_134_letter_S_0198,134,1,0,ALPH,1.0
nl_134_letter_S_0199,134,1,0,ALPH,1.0
nl_134_letter_S_0200,134,1,0,ALPH,1.0
nl_134_letter_S_0201,134,1,0,ALPH,1.0
nl_134_letter_S_0202,134,1,0,ALPH,1.0
nl_134_letter_S_0203,134,1,0,ALPH,1.0
nl_134_letter_S_0204,134,1,0,ALPH,1.0
nl_134_letter_S_0206,134,1,0,ALPH,1.0
nl_134_letter_S_0207,134,1,0,ALPH,1.0
nl_134_letter_S_0208,134,1,0,ALPH,1.0
nl_134_letter_S_0210,134,1,0,ALPH,1.0
nl_134_letter_S_0211,134,1,0,ALPH,1.0
nl_134_letter_S_0213,134,1,0,ALPH,1.0
nl_134_letter_S_0214,134,1,0,ALPH,1.0
nl_134_letter_S_0215,134,1,0,ALPH,1.0
nl_134_letter_S_0216,134,1,0,ALPH,1.0
nl_134_letter_S_0218,134,1,0,ALPH,1.0
nl_134_letter_S_0219,134,1,0,ALPH,1.0
nl_134_letter_S_0221,134,1,0,ALPH,1.0
nl_134_letter_S_0223,134,1,0,ALPH,1.0
nl_134_letter_S_0224,134,1,0,ALPH,1.0
nl_134_letter_S_0225,134,1,0,ALPH,1.0
nl_134_letter_S_0230,134,1,0,ALPH,1.0
nl_134_letter_S_0232,134,1,0,ALPH,1.0
nl_134_letter_S_0233,134,1,0,ALPH,1.0
nl_134_letter_S_0235,134,1,0,ALPH,1.0
nl_134_letter_S_0236,134,1,0,ALPH,1.0
nl_134_letter_S_0238,134,1,0,ALPH,1.0
nl_134_letter_S_0239,134,1,0,ALPH,1.0
nl_134_letter_S_0240,134,1,0,ALPH,1.0
nl_134_letter_S_0241,134,1,0,ALPH,1.0
nl_134_letter_S_0242,134,1,0,ALPH,1.0
nl_134_letter_S_0244,134,1,0,ALPH,1.0
nl_134_letter_S_0246,134,1,0,ALPH,1.0
nl_134_letter_S_0247,134,1,0,ALPH,1.0
nl_134_letter_S_0248,134,1,0,ALPH,1.0
nl_134_letter_S_0249,134,1,0,ALPH,1.0
nl_134_letter_S_0250,134,1,0,ALPH,1.0
nl_134_letter_S_0251,134,1,0,ALPH,1.0
nl_134_letter_S_0252,134,1,0,ALPH,1.0
nl_134_letter_S_0253,134,1,0,ALPH,1.0
nl_134_letter_S_0254,134,1,0,ALPH,1.0
nl_134_letter_S_0255,134,1,0,ALPH,1.0
nl_134_letter_S_0257,134,1,0,ALPH,1.0
nl_134_letter_S_0259,134,1,0,ALPH,1.0
nl_134_letter_S_0263,134,1,0,ALPH,1.0
nl_134_letter_S_0267,134,1,0,ALPH,1.0
nl_134_letter_S_0268,134,1,0,ALPH,1.0
nl_134_letter_S_0269,134,1,0,ALPH,1.0
nl_134_letter_S_0272,134,1,0,ALPH,1.0
nl_134_letter_S_0277,134,1,0,ALPH,1.0
nl_134_letter_S_0279,134,1,0,ALPH,1.0
nl_134_letter_S_0280,134,1,0,ALPH,1.0
nl_134_letter_S_0281,134,1,0,ALPH,1.0
nl_134_letter_S_0282,134,1,0,ALPH,1.0
nl_134_letter_S_0283,134,1,0,ALPH,1.0
nl_134_letter_S_0287,134,1,0,ALPH,1.0
nl_134_letter_S_0290,134,1,0,ALPH,1.0
nl_134_letter_S_0291,134,1,0,ALPH,1.0
nl_134_letter_S_0292,134,1,0,ALPH,1.0
nl_134_letter_S_0294,134,1,0,ALPH,1.0
nl_134_letter_S_0295,134,1,0,ALPH,1.0
nl_134_letter_S_0299,134,1,0,ALPH,1.0
nl_135_letter_T_0060,135,1,0,ALPH,1.0
nl_135_letter_T_0061,135,1,0,ALPH,1.0
nl_135_letter_T_0062,135,1,0,ALPH,1.0
nl_135_letter_T_0064,135,1,0,ALPH,1.0
nl_135_letter_T_0065,135,1,0,ALPH,1.0
nl_135_letter_T_0066,135,1,0,ALPH,1.0
nl_135_letter_T_0067,135,1,0,ALPH,1.0
nl_135_letter_T_0068,135,1,0,ALPH,1.0
nl_135_letter_T_0069,135,1,0,ALPH,1.0
nl_135_letter_T_0074,135,1,0,ALPH,1.0
nl_135_letter_T_0075,135,1,0,ALPH,1.0
nl_135_letter_T_0078,135,1,0,ALPH,1.0
nl_135_letter_T_0081,135,1,0,ALPH,1.0
nl_135_letter_T_0082,135,1,0,ALPH,1.0
nl_135_letter_T_0083,135,1,0,ALPH,1.0
nl_135_letter_T_0084,135,1,0,ALPH,1.0
nl_135_letter_T_0085,135,1,0,ALPH,1.0
nl_135_letter_T_0086,135,1,0,ALPH,1.0
nl_135_letter_T_0087,135,1,0,ALPH,1.0
nl_135_letter_T_0088,135,1,0,ALPH,1.0
nl_135_letter_T_0089,135,1,0,ALPH,1.0
nl_135_letter_T_0090,135,1,0,ALPH,1.0
nl_135_letter_T_0091,135,1,0,ALPH,1.0
nl_135_letter_T_0092,135,1,0,ALPH,1.0
nl_135_letter_T_0093,135,1,0,ALPH,1.0
nl_135_letter_T_0094,135,1,0,ALPH,1.0
nl_135_letter_T_0095,135,1,0,ALPH,1.0
nl_135_letter_T_0096,135,1,0,ALPH,1.0
nl_135_letter_T_0097,135,1,0,ALPH,1.0
nl_135_letter_T_0098,135,1,0,ALPH,1.0
nl_135_letter_T_0099,135,1,0,ALPH,1.0
nl_135_letter_T_0101,135,1,0,ALPH,1.0
nl_135_letter_T_0103,135,1,0,ALPH,1.0
nl_135_letter_T_0106,135,1,0,ALPH,1.0
nl_135_letter_T_0108,135,1,0,ALPH,1.0
nl_135_letter_T_0109,135,1,0,ALPH,1.0
nl_135_letter_T_0110,135,1,0,ALPH,1.0
nl_135_letter_T_0111,135,1,0,ALPH,1.0
nl_135_letter_T_0114,135,1,0,ALPH,1.0
nl_135_letter_T_0116,135,1,0,ALPH,1.0
nl_135_letter_T_0117,135,1,0,ALPH,1.0
nl_135_letter_T_0118,135,1,0,ALPH,1.0
nl_135_letter_T_0119,135,1,0,ALPH,1.0
nl_135_letter_T_0120,135,1,0,ALPH,1.0
nl_135_letter_T_0121,135,1,0,ALPH,1.0
nl_135_letter_T_0122,135,1,0,ALPH,1.0
nl_135_letter_T_0124,135,1,0,ALPH,1.0
nl_135_letter_T_0125,135,1,0,ALPH,1.0
nl_135_letter_T_0126,135,1,0,ALPH,1.0
nl_135_letter_T_0129,135,1,0,ALPH,1.0
nl_135_letter_T_0132,135,1,0,ALPH,1.0
nl_135_letter_T_0136,135,1,0,ALPH,1.0
nl_135_letter_T_0137,135,1,0,ALPH,1.0
nl_135_letter_T_0138,135,1,0,ALPH,1.0
nl_135_letter_T_0142,135,1,0,ALPH,1.0
nl_135_letter_T_0152,135,1,0,ALPH,1.0
nl_135_letter_T_0154,135,1,0,ALPH,1.0
nl_135_letter_T_0161,135,1,0,ALPH,1.0
nl_135_letter_T_0162,135,1,0,ALPH,1.0
nl_135_letter_T_0163,135,1,0,ALPH,1.0
nl_135_letter_T_0167,135,1,0,ALPH,1.0
nl_135_letter_T_0170,135,1,0,ALPH,1.0
nl_135_letter_T_0171,135,1,0,ALPH,1.0
nl_135_letter_T_0172,135,1,0,ALPH,1.0
nl_135_letter_T_0173,135,1,0,ALPH,1.0
nl_135_letter_T_0174,135,1,0,ALPH,1.0
nl_135_letter_T_0176,135,1,0,ALPH,1.0
nl_135_letter_T_0177,135,1,0,ALPH,1.0
nl_135_letter_T_0178,135,1,0,ALPH,1.0
nl_135_letter_T_0180,135,1,0,ALPH,1.0
nl_135_letter_T_0181,135,1,0,ALPH,1.0
nl_135_letter_T_0182,135,1,0,ALPH,1.0
nl_135_letter_T_0183,135,1,0,ALPH,1.0
nl_135_letter_T_0184,135,1,0,ALPH,1.0
nl_135_letter_T_0185,135,1,0,ALPH,1.0
nl_135_letter_T_0186,135,1,0,ALPH,1.0
nl_135_letter_T_0187,135,1,0,ALPH,1.0
nl_135_letter_T_0188,135,1,0,ALPH,1.0
nl_135_letter_T_0189,135,1,0,ALPH,1.0
nl_135_letter_T_0191,135,1,0,ALPH,1.0
nl_135_letter_T_0192,135,1,0,ALPH,1.0
nl_135_letter_T_0193,135,1,0,ALPH,1.0
nl_135_letter_T_0194,135,1,0,ALPH,1.0
nl_135_letter_T_0196,135,1,0,ALPH,1.0
nl_135_letter_T_0197,135,1,0,ALPH,1.0
nl_135_letter_T_0199,135,1,0,ALPH,1.0
nl_135_letter_T_0200,135,1,0,ALPH,1.0
nl_135_letter_T_0201,135,1,0,ALPH,1.0
nl_135_letter_T_0202,135,1,0,ALPH,1.0
nl_135_letter_T_0203,135,1,0,ALPH,1.0
nl_135_letter_T_0205,135,1,0,ALPH,1.0
nl_135_letter_T_0206,135,1,0,ALPH,1.0
nl_135_letter_T_0207,135,1,0,ALPH,1.0
nl_135_letter_T_0208,135,1,0,ALPH,1.0
nl_135_letter_T_0209,135,1,0,ALPH,1.0
nl_135_letter_T_0210,135,1,0,ALPH,1.0
nl_135_letter_T_0211,135,1,0,ALPH,1.0
nl_135_letter_T_0212,135,1,0,ALPH,1.0
nl_135_letter_T_0213,135,1,0,ALPH,1.0
nl_135_letter_T_0214,135,1,0,ALPH,1.0
nl_135_letter_T_0215,135,1,0,ALPH,1.0
nl_135_letter_T_0216,135,1,0,ALPH,1.0
nl_135_letter_T_0217,135,1,0,ALPH,1.0
nl_135_letter_T_0218,135,1,0,ALPH,1.0
nl_135_letter_T_0220,135,1,0,ALPH,1.0
nl_135_letter_T_0223,135,1,0,ALPH,1.0
nl_135_letter_T_0225,135,1,0,ALPH,1.0
nl_135_letter_T_0226,135,1,0,ALPH,1.0
nl_135_letter_T_0227,135,1,0,ALPH,1.0
nl_135_letter_T_0228,135,1,0,ALPH,1.0
nl_135_letter_T_0232,135,1,0,ALPH,1.0
nl_135_letter_T_0234,135,1,0,ALPH,1.0
nl_135_letter_T_0235,135,1,0,ALPH,1.0
nl_135_letter_T_0236,135,1,0,ALPH,1.0
nl_135_letter_T_0237,135,1,0,ALPH,1.0
nl_135_letter_T_0238,135,1,0,ALPH,1.0
nl_135_letter_T_0239,135,1,0,ALPH,1.0
nl_135_letter_T_0240,135,1,0,ALPH,1.0
nl_135_letter_T_0241,135,1,0,ALPH,1.0
nl_135_letter_T_0242,135,1,0,ALPH,1.0
nl_135_letter_T_0243,135,1,0,ALPH,1.0
nl_135_letter_T_0244,135,1,0,ALPH,1.0
nl_135_letter_T_0245,135,1,0,ALPH,1.0
nl_135_letter_T_0248,135,1,0,ALPH,1.0
nl_135_letter_T_0249,135,1,0,ALPH,1.0
nl_135_letter_T_0250,135,1,0,ALPH,1.0
nl_135_letter_T_0251,135,1,0,ALPH,1.0
nl_135_letter_T_0252,135,1,0,ALPH,1.0
nl_135_letter_T_0253,135,1,0,ALPH,1.0
nl_135_letter_T_0255,135,1,0,ALPH,1.0
nl_135_letter_T_0256,135,1,0,ALPH,1.0
nl_135_letter_T_0257,135,1,0,ALPH,1.0
nl_135_letter_T_0258,135,1,0,ALPH,1.0
nl_135_letter_T_0259,135,1,0,ALPH,1.0
nl_135_letter_T_0260,135,1,0,ALPH,1.0
nl_135_letter_T_0261,135,1,0,ALPH,1.0
nl_135_letter_T_0262,135,1,0,ALPH,1.0
nl_135_letter_T_0263,135,1,0,ALPH,1.0
nl_135_letter_T_0264,135,1,0,ALPH,1.0
nl_135_letter_T_0265,135,1,0,ALPH,1.0
nl_135_letter_T_0266,135,1,0,ALPH,1.0
nl_135_letter_T_0267,135,1,0,ALPH,1.0
nl_135_letter_T_0271,135,1,0,ALPH,1.0
nl_135_letter_T_0272,135,1,0,ALPH,1.0
nl_135_letter_T_0274,135,1,0,ALPH,1.0
nl_135_letter_T_0276,135,1,0,ALPH,1.0
nl_135_letter_T_0278,135,1,0,ALPH,1.0
nl_135_letter_T_0279,135,1,0,ALPH,1.0
nl_135_letter_T_0280,135,1,0,ALPH,1.0
nl_135_letter_T_0281,135,1,0,ALPH,1.0
nl_135_letter_T_0282,135,1,0,ALPH,1.0
nl_135_letter_T_0283,135,1,0,ALPH,1.0
nl_135_letter_T_0285,135,1,0,ALPH,1.0
nl_135_letter_T_0286,135,1,0,ALPH,1.0
nl_135_letter_T_0287,135,1,0,ALPH,1.0
nl_135_letter_T_0288,135,1,0,ALPH,1.0
nl_135_letter_T_0289,135,1,0,ALPH,1.0
nl_135_letter_T_0290,135,1,0,ALPH,1.0
nl_135_letter_T_0291,135,1,0,ALPH,1.0
nl_135_letter_T_0292,135,1,0,ALPH,1.0
nl_135_letter_T_0293,135,1,0,ALPH,1.0
nl_135_letter_T_0294,135,1,0,ALPH,1.0
nl_135_letter_T_0295,135,1,0,ALPH,1.0
nl_135_letter_T_0296,135,1,0,ALPH,1.0
nl_135_letter_T_0297,135,1,0,ALPH,1.0
nl_135_letter_T_0298,135,1,0,ALPH,1.0
nl_135_letter_T_0299,135,1,0,ALPH,1.0
nl_136_letter_U_0061,136,1,0,ALPH,1.0
nl_136_letter_U_0062,136,1,0,ALPH,1.0
nl_136_letter_U_0063,136,1,0,ALPH,1.0
nl_136_letter_U_0064,136,1,0,ALPH,1.0
nl_136_letter_U_0065,136,1,0,ALPH,1.0
nl_136_letter_U_0066,136,1,0,ALPH,1.0
nl_136_letter_U_0067,136,1,0,ALPH,1.0
nl_136_letter_U_0072,136,1,0,ALPH,1.0
nl_136_letter_U_0075,136,1,0,ALPH,1.0
nl_136_letter_U_0076,136,1,0,ALPH,1.0
nl_136_letter_U_0077,136,1,0,ALPH,1.0
nl_136_letter_U_0079,136,1,0,ALPH,1.0
nl_136_letter_U_0085,136,1,0,ALPH,1.0
nl_136_letter_U_0087,136,1,0,ALPH,1.0
nl_136_letter_U_0088,136,1,0,ALPH,1.0
nl_136_letter_U_0092,136,1,0,ALPH,1.0
nl_136_letter_U_0094,136,1,0,ALPH,1.0
nl_136_letter_U_0103,136,1,0,ALPH,1.0
nl_136_letter_U_0105,136,1,0,ALPH,1.0
nl_136_letter_U_0106,136,1,0,ALPH,1.0
nl_136_letter_U_0107,136,1,0,ALPH,1.0
nl_136_letter_U_0108,136,1,0,ALPH,1.0
nl_136_letter_U_0110,136,1,0,ALPH,1.0
nl_136_letter_U_0111,136,1,0,ALPH,1.0
nl_136_letter_U_0113,136,1,0,ALPH,1.0
nl_136_letter_U_0114,136,1,0,ALPH,1.0
nl_136_letter_U_0115,136,1,0,ALPH,1.0
nl_136_letter_U_0119,136,1,0,ALPH,1.0
nl_136_letter_U_0120,136,1,0,ALPH,1.0
nl_136_letter_U_0121,136,1,0,ALPH,1.0
nl_136_letter_U_0129,136,1,0,ALPH,1.0
nl_136_letter_U_0130,136,1,0,ALPH,1.0
nl_136_letter_U_0131,136,1,0,ALPH,1.0
nl_136_letter_U_0133,136,1,0,ALPH,1.0
nl_136_letter_U_0134,136,1,0,ALPH,1.0
nl_136_letter_U_0137,136,1,0,ALPH,1.0
nl_136_letter_U_0143,136,1,0,ALPH,1.0
nl_136_letter_U_0145,136,1,0,ALPH,1.0
nl_136_letter_U_0152,136,1,0,ALPH,1.0
nl_136_letter_U_0153,136,1,0,ALPH,1.0
nl_136_letter_U_0154,136,1,0,ALPH,1.0
nl_136_letter_U_0155,136,1,0,ALPH,1.0
nl_136_letter_U_0158,136,1,0,ALPH,1.0
nl_136_letter_U_0159,136,1,0,ALPH,1.0
nl_136_letter_U_0166,136,1,0,ALPH,1.0
nl_136_letter_U_0167,136,1,0,ALPH,1.0
nl_136_letter_U_0168,136,1,0,ALPH,1.0
nl_136_letter_U_0170,136,1,0,ALPH,1.0
nl_136_letter_U_0177,136,1,0,ALPH,1.0
nl_136_letter_U_0178,136,1,0,ALPH,1.0
nl_136_letter_U_0182,136,1,0,ALPH,1.0
nl_136_letter_U_0186,136,1,0,ALPH,1.0
nl_136_letter_U_0188,136,1,0,ALPH,1.0
nl_136_letter_U_0197,136,1,0,ALPH,1.0
nl_136_letter_U_0199,136,1,0,ALPH,1.0
nl_136_letter_U_0204,136,1,0,ALPH,1.0
nl_136_letter_U_0214,136,1,0,ALPH,1.0
nl_136_letter_U_0228,136,1,0,ALPH,1.0
nl_136_letter_U_0229,136,1,0,ALPH,1.0
nl_136_letter_U_0230,136,1,0,ALPH,1.0
nl_136_letter_U_0231,136,1,0,ALPH,1.0
nl_136_letter_U_0239,136,1,0,ALPH,1.0
nl_136_letter_U_0242,136,1,0,ALPH,1.0
nl_136_letter_U_0244,136,1,0,ALPH,1.0
nl_136_letter_U_0245,136,1,0,ALPH,1.0
nl_136_letter_U_0246,136,1,0,ALPH,1.0
nl_136_letter_U_0252,136,1,0,ALPH,1.0
nl_136_letter_U_0253,136,1,0,ALPH,1.0
nl_136_letter_U_0255,136,1,0,ALPH,1.0
nl_136_letter_U_0256,136,1,0,ALPH,1.0
nl_136_letter_U_0257,136,1,0,ALPH,1.0
nl_136_letter_U_0258,136,1,0,ALPH,1.0
nl_136_letter_U_0259,136,1,0,ALPH,1.0
nl_136_letter_U_0260,136,1,0,ALPH,1.0
nl_136_letter_U_0262,136,1,0,ALPH,1.0
nl_136_letter_U_0263,136,1,0,ALPH,1.0
nl_136_letter_U_0264,136,1,0,ALPH,1.0
nl_136_letter_U_0265,136,1,0,ALPH,1.0
nl_136_letter_U_0266,136,1,0,ALPH,1.0
nl_136_letter_U_0267,136,1,0,ALPH,1.0
nl_136_letter_U_0268,136,1,0,ALPH,1.0
nl_136_letter_U_0270,136,1,0,ALPH,1.0
nl_136_letter_U_0278,136,1,0,ALPH,1.0
nl_136_letter_U_0289,136,1,0,ALPH,1.0
nl_136_letter_U_0291,136,1,0,ALPH,1.0
nl_136_letter_U_0292,136,1,0,ALPH,1.0
nl_137_letter_V_0061,137,1,0,ALPH,1.0
nl_137_letter_V_0072,137,1,0,ALPH,1.0
nl_137_letter_V_0075,137,1,0,ALPH,1.0
nl_137_letter_V_0076,137,1,0,ALPH,1.0
nl_137_letter_V_0081,137,1,0,ALPH,1.0
nl_137_letter_V_0119,137,1,0,ALPH,1.0
nl_137_letter_V_0121,137,1,0,ALPH,1.0
nl_137_letter_V_0122,137,1,0,ALPH,1.0
nl_137_letter_V_0123,137,1,0,ALPH,1.0
nl_137_letter_V_0124,137,1,0,ALPH,1.0
nl_137_letter_V_0125,137,1,0,ALPH,1.0
nl_137_letter_V_0127,137,1,0,ALPH,1.0
nl_137_letter_V_0129,137,1,0,ALPH,1.0
nl_137_letter_V_0133,137,1,0,ALPH,1.0
nl_137_letter_V_0143,137,1,0,ALPH,1.0
nl_137_letter_V_0152,137,1,0,ALPH,1.0
nl_137_letter_V_0165,137,1,0,ALPH,1.0
nl_137_letter_V_0176,137,1,0,ALPH,1.0
nl_137_letter_V_0190,137,1,0,ALPH,1.0
nl_137_letter_V_0206,137,1,0,ALPH,1.0
nl_137_letter_V_0211,137,1,0,ALPH,1.0
nl_137_letter_V_0242,137,1,0,ALPH,1.0
nl_137_letter_V_0248,137,1,0,ALPH,1.0
nl_137_letter_V_0257,137,1,0,ALPH,1.0
nl_137_letter_V_0266,137,1,0,ALPH,1.0
nl_137_letter_V_0279,137,1,0,ALPH,1.0
nl_137_letter_V_0281,137,1,0,ALPH,1.0
nl_137_letter_V_0294,137,1,0,ALPH,1.0
nl_138_letter_W_0063,138,1,0,ALPH,1.0
nl_138_letter_W_0072,138,1,0,ALPH,1.0
nl_138_letter_W_0151,138,1,0,ALPH,1.0
nl_138_letter_W_0176,138,1,0,ALPH,1.0
nl_138_letter_W_0187,138,1,0,ALPH,1.0
nl_138_letter_W_0188,138,1,0,ALPH,1.0
nl_139_letter_X_0062,139,1,0,ALPH,1.0
nl_139_letter_X_0063,139,1,0,ALPH,1.0
nl_139_letter_X_0064,139,1,0,ALPH,1.0
nl_139_letter_X_0065,139,1,0,ALPH,1.0
nl_139_letter_X_0068,139,1,0,ALPH,1.0
nl_139_letter_X_0069,139,1,0,ALPH,1.0
nl_139_letter_X_0070,139,1,0,ALPH,1.0
nl_139_letter_X_0071,139,1,0,ALPH,1.0
nl_139_letter_X_0072,139,1,0,ALPH,1.0
nl_139_letter_X_0073,139,1,0,ALPH,1.0
nl_139_letter_X_0074,139,1,0,ALPH,1.0
nl_139_letter_X_0076,139,1,0,ALPH,1.0
nl_139_letter_X_0077,139,1,0,ALPH,1.0
nl_139_letter_X_0078,139,1,0,ALPH,1.0
nl_139_letter_X_0079,139,1,0,ALPH,1.0
nl_139_letter_X_0080,139,1,0,ALPH,1.0
nl_139_letter_X_0081,139,1,0,ALPH,1.0
nl_139_letter_X_0082,139,1,0,ALPH,1.0
nl_139_letter_X_0083,139,1,0,ALPH,1.0
nl_139_letter_X_0085,139,1,0,ALPH,1.0
nl_139_letter_X_0086,139,1,0,ALPH,1.0
nl_139_letter_X_0087,139,1,0,ALPH,1.0
nl_139_letter_X_0092,139,1,0,ALPH,1.0
nl_139_letter_X_0093,139,1,0,ALPH,1.0
nl_139_letter_X_0094,139,1,0,ALPH,1.0
nl_139_letter_X_0096,139,1,0,ALPH,1.0
nl_139_letter_X_0098,139,1,0,ALPH,1.0
nl_139_letter_X_0100,139,1,0,ALPH,1.0
nl_139_letter_X_0102,139,1,0,ALPH,1.0
nl_139_letter_X_0103,139,1,0,ALPH,1.0
nl_139_letter_X_0104,139,1,0,ALPH,1.0
nl_139_letter_X_0106,139,1,0,ALPH,1.0
nl_139_letter_X_0107,139,1,0,ALPH,1.0
nl_139_letter_X_0110,139,1,0,ALPH,1.0
nl_139_letter_X_0111,139,1,0,ALPH,1.0
nl_139_letter_X_0112,139,1,0,ALPH,1.0
nl_139_letter_X_0115,139,1,0,ALPH,1.0
nl_139_letter_X_0117,139,1,0,ALPH,1.0
nl_139_letter_X_0118,139,1,0,ALPH,1.0
nl_139_letter_X_0119,139,1,0,ALPH,1.0
nl_139_letter_X_0120,139,1,0,ALPH,1.0
nl_139_letter_X_0121,139,1,0,ALPH,1.0
nl_139_letter_X_0122,139,1,0,ALPH,1.0
nl_139_letter_X_0123,139,1,0,ALPH,1.0
nl_139_letter_X_0124,139,1,0,ALPH,1.0
nl_139_letter_X_0128,139,1,0,ALPH,1.0
nl_139_letter_X_0129,139,1,0,ALPH,1.0
nl_139_letter_X_0130,139,1,0,ALPH,1.0
nl_139_letter_X_0131,139,1,0,ALPH,1.0
nl_139_letter_X_0132,139,1,0,ALPH,1.0
nl_139_letter_X_0133,139,1,0,ALPH,1.0
nl_139_letter_X_0134,139,1,0,ALPH,1.0
nl_139_letter_X_0135,139,1,0,ALPH,1.0
nl_139_letter_X_0136,139,1,0,ALPH,1.0
nl_139_letter_X_0137,139,1,0,ALPH,1.0
nl_139_letter_X_0138,139,1,0,ALPH,1.0
nl_139_letter_X_0139,139,1,0,ALPH,1.0
nl_139_letter_X_0141,139,1,0,ALPH,1.0
nl_139_letter_X_0142,139,1,0,ALPH,1.0
nl_139_letter_X_0145,139,1,0,ALPH,1.0
nl_139_letter_X_0146,139,1,0,ALPH,1.0
nl_139_letter_X_0147,139,1,0,ALPH,1.0
nl_139_letter_X_0148,139,1,0,ALPH,1.0
nl_139_letter_X_0149,139,1,0,ALPH,1.0
nl_139_letter_X_0150,139,1,0,ALPH,1.0
nl_139_letter_X_0151,139,1,0,ALPH,1.0
nl_139_letter_X_0152,139,1,0,ALPH,1.0
nl_139_letter_X_0153,139,1,0,ALPH,1.0
nl_139_letter_X_0154,139,1,0,ALPH,1.0
nl_139_letter_X_0157,139,1,0,ALPH,1.0
nl_139_letter_X_0158,139,1,0,ALPH,1.0
nl_139_letter_X_0159,139,1,0,ALPH,1.0
nl_139_letter_X_0161,139,1,0,ALPH,1.0
nl_139_letter_X_0162,139,1,0,ALPH,1.0
nl_139_letter_X_0163,139,1,0,ALPH,1.0
nl_139_letter_X_0164,139,1,0,ALPH,1.0
nl_139_letter_X_0165,139,1,0,ALPH,1.0
nl_139_letter_X_0167,139,1,0,ALPH,1.0
nl_139_letter_X_0168,139,1,0,ALPH,1.0
nl_139_letter_X_0169,139,1,0,ALPH,1.0
nl_139_letter_X_0170,139,1,0,ALPH,1.0
nl_139_letter_X_0172,139,1,0,ALPH,1.0
nl_139_letter_X_0173,139,1,0,ALPH,1.0
nl_139_letter_X_0174,139,1,0,ALPH,1.0
nl_139_letter_X_0179,139,1,0,ALPH,1.0
nl_139_letter_X_0180,139,1,0,ALPH,1.0
nl_139_letter_X_0181,139,1,0,ALPH,1.0
nl_139_letter_X_0182,139,1,0,ALPH,1.0
nl_139_letter_X_0184,139,1,0,ALPH,1.0
nl_139_letter_X_0185,139,1,0,ALPH,1.0
nl_139_letter_X_0187,139,1,0,ALPH,1.0
nl_139_letter_X_0188,139,1,0,ALPH,1.0
nl_139_letter_X_0189,139,1,0,ALPH,1.0
nl_139_letter_X_0190,139,1,0,ALPH,1.0
nl_139_letter_X_0191,139,1,0,ALPH,1.0
nl_139_letter_X_0193,139,1,0,ALPH,1.0
nl_139_letter_X_0194,139,1,0,ALPH,1.0
nl_139_letter_X_0196,139,1,0,ALPH,1.0
nl_139_letter_X_0197,139,1,0,ALPH,1.0
nl_139_letter_X_0199,139,1,0,ALPH,1.0
nl_139_letter_X_0200,139,1,0,ALPH,1.0
nl_139_letter_X_0201,139,1,0,ALPH,1.0
nl_139_letter_X_0203,139,1,0,ALPH,1.0
nl_139_letter_X_0205,139,1,0,ALPH,1.0
nl_139_letter_X_0207,139,1,0,ALPH,1.0
nl_139_letter_X_0208,139,1,0,ALPH,1.0
nl_139_letter_X_0209,139,1,0,ALPH,1.0
nl_139_letter_X_0210,139,1,0,ALPH,1.0
nl_139_letter_X_0212,139,1,0,ALPH,1.0
nl_139_letter_X_0213,139,1,0,ALPH,1.0
nl_139_letter_X_0214,139,1,0,ALPH,1.0
nl_139_letter_X_0215,139,1,0,ALPH,1.0
nl_139_letter_X_0217,139,1,0,ALPH,1.0
nl_139_letter_X_0218,139,1,0,ALPH,1.0
nl_139_letter_X_0219,139,1,0,ALPH,1.0
nl_139_letter_X_0220,139,1,0,ALPH,1.0
nl_139_letter_X_0221,139,1,0,ALPH,1.0
nl_139_letter_X_0224,139,1,0,ALPH,1.0
nl_139_letter_X_0225,139,1,0,ALPH,1.0
nl_139_letter_X_0226,139,1,0,ALPH,1.0
nl_139_letter_X_0230,139,1,0,ALPH,1.0
nl_139_letter_X_0231,139,1,0,ALPH,1.0
nl_139_letter_X_0232,139,1,0,ALPH,1.0
nl_139_letter_X_0236,139,1,0,ALPH,1.0
nl_139_letter_X_0237,139,1,0,ALPH,1.0
nl_139_letter_X_0239,139,1,0,ALPH,1.0
nl_139_letter_X_0252,139,1,0,ALPH,1.0
nl_139_letter_X_0268,139,1,0,ALPH,1.0
nl_139_letter_X_0269,139,1,0,ALPH,1.0
nl_139_letter_X_0270,139,1,0,ALPH,1.0
nl_139_letter_X_0271,139,1,0,ALPH,1.0
nl_139_letter_X_0277,139,1,0,ALPH,1.0
nl_139_letter_X_0281,139,1,0,ALPH,1.0
nl_139_letter_X_0284,139,1,0,ALPH,1.0
nl_139_letter_X_0286,139,1,0,ALPH,1.0
nl_139_letter_X_0287,139,1,0,ALPH,1.0
nl_139_letter_X_0296,139,1,0,ALPH,1.0
nl_139_letter_X_0298,139,1,0,ALPH,1.0
nl_140_letter_Y_0086,140,1,0,ALPH,1.0
nl_140_letter_Y_0087,140,1,0,ALPH,1.0
nl_140_letter_Y_0088,140,1,0,ALPH,1.0
nl_140_letter_Y_0089,140,1,0,ALPH,1.0
nl_140_letter_Y_0095,140,1,0,ALPH,1.0
nl_140_letter_Y_0096,140,1,0,ALPH,1.0
nl_140_letter_Y_0097,140,1,0,ALPH,1.0
nl_140_letter_Y_0098,140,1,0,ALPH,1.0
nl_140_letter_Y_0100,140,1,0,ALPH,1.0
nl_140_letter_Y_0101,140,1,0,ALPH,1.0
nl_140_letter_Y_0104,140,1,0,ALPH,1.0
nl_140_letter_Y_0105,140,1,0,ALPH,1.0
nl_140_letter_Y_0106,140,1,0,ALPH,1.0
nl_140_letter_Y_0107,140,1,0,ALPH,1.0
nl_140_letter_Y_0108,140,1,0,ALPH,1.0
nl_140_letter_Y_0110,140,1,0,ALPH,1.0
nl_140_letter_Y_0113,140,1,0,ALPH,1.0
nl_140_letter_Y_0115,140,1,0,ALPH,1.0
nl_140_letter_Y_0117,140,1,0,ALPH,1.0
nl_140_letter_Y_0118,140,1,0,ALPH,1.0
nl_140_letter_Y_0119,140,1,0,ALPH,1.0
nl_140_letter_Y_0120,140,1,0,ALPH,1.0
nl_140_letter_Y_0121,140,1,0,ALPH,1.0
nl_140_letter_Y_0125,140,1,0,ALPH,1.0
nl_140_letter_Y_0126,140,1,0,ALPH,1.0
nl_140_letter_Y_0127,140,1,0,ALPH,1.0
nl_140_letter_Y_0128,140,1,0,ALPH,1.0
nl_140_letter_Y_0130,140,1,0,ALPH,1.0
nl_140_letter_Y_0131,140,1,0,ALPH,1.0
nl_140_letter_Y_0132,140,1,0,ALPH,1.0
nl_140_letter_Y_0133,140,1,0,ALPH,1.0
nl_140_letter_Y_0135,140,1,0,ALPH,1.0
nl_140_letter_Y_0136,140,1,0,ALPH,1.0
nl_140_letter_Y_0137,140,1,0,ALPH,1.0
nl_140_letter_Y_0138,140,1,0,ALPH,1.0
nl_140_letter_Y_0140,140,1,0,ALPH,1.0
nl_140_letter_Y_0143,140,1,0,ALPH,1.0
nl_140_letter_Y_0144,140,1,0,ALPH,1.0
nl_140_letter_Y_0160,140,1,0,ALPH,1.0
nl_140_letter_Y_0185,140,1,0,ALPH,1.0
nl_140_letter_Y_0188,140,1,0,ALPH,1.0
nl_140_letter_Y_0192,140,1,0,ALPH,1.0
nl_140_letter_Y_0193,140,1,0,ALPH,1.0
nl_140_letter_Y_0194,140,1,0,ALPH,1.0
nl_140_letter_Y_0195,140,1,0,ALPH,1.0
nl_140_letter_Y_0196,140,1,0,ALPH,1.0
nl_140_letter_Y_0197,140,1,0,ALPH,1.0
nl_140_letter_Y_0199,140,1,0,ALPH,1.0
nl_140_letter_Y_0200,140,1,0,ALPH,1.0
nl_140_letter_Y_0202,140,1,0,ALPH,1.0
nl_140_letter_Y_0203,140,1,0,ALPH,1.0
nl_140_letter_Y_0204,140,1,0,ALPH,1.0
nl_140_letter_Y_0205,140,1,0,ALPH,1.0
nl_140_letter_Y_0206,140,1,0,ALPH,1.0
nl_140_letter_Y_0207,140,1,0,ALPH,1.0
nl_140_letter_Y_0212,140,1,0,ALPH,1.0
nl_140_letter_Y_0213,140,1,0,ALPH,1.0
nl_140_letter_Y_0214,140,1,0,ALPH,1.0
nl_140_letter_Y_0217,140,1,0,ALPH,1.0
nl_140_letter_Y_0218,140,1,0,ALPH,1.0
nl_140_letter_Y_0220,140,1,0,ALPH,1.0
nl_140_letter_Y_0225,140,1,0,ALPH,1.0
nl_140_letter_Y_0235,140,1,0,ALPH,1.0
nl_140_letter_Y_0238,140,1,0,ALPH,1.0
nl_140_letter_Y_0243,140,1,0,ALPH,1.0
nl_140_letter_Y_0244,140,1,0,ALPH,1.0
nl_140_letter_Y_0245,140,1,0,ALPH,1.0
nl_140_letter_Y_0246,140,1,0,ALPH,1.0
nl_140_letter_Y_0250,140,1,0,ALPH,1.0
nl_140_letter_Y_0260,140,1,0,ALPH,1.0
nl_140_letter_Y_0264,140,1,0,ALPH,1.0
nl_140_letter_Y_0266,140,1,0,ALPH,1.0
nl_140_letter_Y_0269,140,1,0,ALPH,1.0
nl_140_letter_Y_0275,140,1,0,ALPH,1.0
nl_140_letter_Y_0284,140,1,0,ALPH,1.0
nl_140_letter_Y_0292,140,1,0,ALPH,1.0
nl_140_letter_Y_0297,140,1,0,ALPH,1.0
nl_141_letter_Z_0061,141,1,0,ALPH,1.0
nl_141_letter_Z_0062,141,1,0,ALPH,1.0
nl_141_letter_Z_0075,141,1,0,ALPH,1.0
nl_141_letter_Z_0083,141,1,0,ALPH,1.0
nl_141_letter_Z_0084,141,1,0,ALPH,1.0
nl_141_letter_Z_0085,141,1,0,ALPH,1.0
nl_141_letter_Z_0090,141,1,0,ALPH,1.0
nl_141_letter_Z_0102,141,1,0,ALPH,1.0
nl_141_letter_Z_0103,141,1,0,ALPH,1.0
nl_141_letter_Z_0104,141,1,0,ALPH,1.0
nl_141_letter_Z_0111,141,1,0,ALPH,1.0
nl_141_letter_Z_0112,141,1,0,ALPH,1.0
nl_141_letter_Z_0113,141,1,0,ALPH,1.0
nl_141_letter_Z_0117,141,1,0,ALPH,1.0
nl_141_letter_Z_0118,141,1,0,ALPH,1.0
nl_141_letter_Z_0119,141,1,0,ALPH,1.0
nl_141_letter_Z_0120,141,1,0,ALPH,1.0
nl_141_letter_Z_0127,141,1,0,ALPH,1.0
nl_141_letter_Z_0128,141,1,0,ALPH,1.0
nl_141_letter_Z_0131,141,1,0,ALPH,1.0
nl_141_letter_Z_0132,141,1,0,ALPH,1.0
nl_141_letter_Z_0133,141,1,0,ALPH,1.0
nl_141_letter_Z_0134,141,1,0,ALPH,1.0
nl_141_letter_Z_0137,141,1,0,ALPH,1.0
nl_141_letter_Z_0138,141,1,0,ALPH,1.0
nl_141_letter_Z_0140,141,1,0,ALPH,1.0
nl_141_letter_Z_0145,141,1,0,ALPH,1.0
nl_141_letter_Z_0146,141,1,0,ALPH,1.0
nl_141_letter_Z_0147,141,1,0,ALPH,1.0
nl_141_letter_Z_0148,141,1,0,ALPH,1.0
nl_141_letter_Z_0149,141,1,0,ALPH,1.0
nl_141_letter_Z_0150,141,1,0,ALPH,1.0
nl_141_letter_Z_0151,141,1,0,ALPH,1.0
nl_141_letter_Z_0152,141,1,0,ALPH,1.0
nl_141_letter_Z_0153,141,1,0,ALPH,1.0
nl_141_letter_Z_0154,141,1,0,ALPH,1.0
nl_141_letter_Z_0157,141,1,0,ALPH,1.0
nl_141_letter_Z_0158,141,1,0,ALPH,1.0
nl_141_letter_Z_0159,141,1,0,ALPH,1.0
nl_141_letter_Z_0161,141,1,0,ALPH,1.0
nl_141_letter_Z_0163,141,1,0,ALPH,1.0
nl_141_letter_Z_0164,141,1,0,ALPH,1.0
nl_141_letter_Z_0166,141,1,0,ALPH,1.0
nl_141_letter_Z_0167,141,1,0,ALPH,1.0
nl_141_letter_Z_0168,141,1,0,ALPH,1.0
nl_141_letter_Z_0169,141,1,0,ALPH,1.0
nl_141_letter_Z_0173,141,1,0,ALPH,1.0
nl_141_letter_Z_0176,141,1,0,ALPH,1.0
nl_141_letter_Z_0177,141,1,0,ALPH,1.0
nl_141_letter_Z_0178,141,1,0,ALPH,1.0
nl_141_letter_Z_0179,141,1,0,ALPH,1.0
nl_141_letter_Z_0180,141,1,0,ALPH,1.0
nl_141_letter_Z_0181,141,1,0,ALPH,1.0
nl_141_letter_Z_0185,141,1,0,ALPH,1.0
nl_141_letter_Z_0186,141,1,0,ALPH,1.0
nl_141_letter_Z_0188,141,1,0,ALPH,1.0
nl_141_letter_Z_0192,141,1,0,ALPH,1.0
nl_141_letter_Z_0193,141,1,0,ALPH,1.0
nl_141_letter_Z_0194,141,1,0,ALPH,1.0
nl_141_letter_Z_0195,141,1,0,ALPH,1.0
nl_141_letter_Z_0197,141,1,0,ALPH,1.0
nl_141_letter_Z_0199,141,1,0,ALPH,1.0
nl_141_letter_Z_0200,141,1,0,ALPH,1.0
nl_141_letter_Z_0201,141,1,0,ALPH,1.0
nl_141_letter_Z_0202,141,1,0,ALPH,1.0
nl_141_letter_Z_0208,141,1,0,ALPH,1.0
nl_141_letter_Z_0209,141,1,0,ALPH,1.0
nl_141_letter_Z_0210,141,1,0,ALPH,1.0
nl_141_letter_Z_0211,141,1,0,ALPH,1.0
nl_141_letter_Z_0212,141,1,0,ALPH,1.0
nl_141_letter_Z_0214,141,1,0,ALPH,1.0
nl_141_letter_Z_0215,141,1,0,ALPH,1.0
nl_141_letter_Z_0218,141,1,0,ALPH,1.0
nl_141_letter_Z_0219,141,1,0,ALPH,1.0
nl_141_letter_Z_0225,141,1,0,ALPH,1.0
nl_141_letter_Z_0226,141,1,0,ALPH,1.0
nl_141_letter_Z_0228,141,1,0,ALPH,1.0
nl_141_letter_Z_0229,141,1,0,ALPH,1.0
nl_141_letter_Z_0230,141,1,0,ALPH,1.0
nl_141_letter_Z_0232,141,1,0,ALPH,1.0
nl_141_letter_Z_0233,141,1,0,ALPH,1.0
nl_141_letter_Z_0234,141,1,0,ALPH,1.0
nl_141_letter_Z_0235,141,1,0,ALPH,1.0
nl_141_letter_Z_0236,141,1,0,ALPH,1.0
nl_141_letter_Z_0238,141,1,0,ALPH,1.0
nl_141_letter_Z_0239,141,1,0,ALPH,1.0
nl_141_letter_Z_0240,141,1,0,ALPH,1.0
nl_141_letter_Z_0241,141,1,0,ALPH,1.0
nl_141_letter_Z_0244,141,1,0,ALPH,1.0
nl_141_letter_Z_0245,141,1,0,ALPH,1.0
nl_141_letter_Z_0246,141,1,0,ALPH,1.0
nl_141_letter_Z_0247,141,1,0,ALPH,1.0
nl_141_letter_Z_0250,141,1,0,ALPH,1.0
nl_141_letter_Z_0252,141,1,0,ALPH,1.0
nl_141_letter_Z_0253,141,1,0,ALPH,1.0
nl_141_letter_Z_0254,141,1,0,ALPH,1.0
nl_141_letter_Z_0257,141,1,0,ALPH,1.0
nl_141_letter_Z_0258,141,1,0,ALPH,1.0
nl_141_letter_Z_0261,141,1,0,ALPH,1.0
nl_141_letter_Z_0262,141,1,0,ALPH,1.0
nl_141_letter_Z_0265,141,1,0,ALPH,1.0
nl_141_letter_Z_0266,141,1,0,ALPH,1.0
nl_141_letter_Z_0272,141,1,0,ALPH,1.0
nl_141_letter_Z_0273,141,1,0,ALPH,1.0
nl_141_letter_Z_0275,141,1,0,ALPH,1.0
nl_141_letter_Z_0279,141,1,0,ALPH,1.0
nl_141_letter_Z_0281,141,1,0,ALPH,1.0
nl_141_letter_Z_0282,141,1,0,ALPH,1.0
nl_141_letter_Z_0283,141,1,0,ALPH,1.0
nl_141_letter_Z_0284,141,1,0,ALPH,1.0
nl_141_letter_Z_0285,141,1,0,ALPH,1.0
nl_141_letter_Z_0287,141,1,0,ALPH,1.0
nl_141_letter_Z_0288,141,1,0,ALPH,1.0
nl_141_letter_Z_0289,141,1,0,ALPH,1.0
nl_141_letter_Z_0290,141,1,0,ALPH,1.0
nl_141_letter_Z_0291,141,1,0,ALPH,1.0
nl_141_letter_Z_0292,141,1,0,ALPH,1.0
nl_141_letter_Z_0298,141,1,0,ALPH,1.0
nl_141_letter_Z_0299,141,1,0,ALPH,1.0
nl_125_letter_J_vid_0020,125,1,0,ALPH,1.1333333333333333
nl_125_letter_J_vid_0021,125,1,0,ALPH,2.966666666666667
nl_125_letter_J_vid_0022,125,1,0,ALPH,1.0
nl_125_letter_J_vid_0023,125,1,0,ALPH,2.966666666666667
nl_125_letter_J_vid_0024,125,1,0,ALPH,3.0
nl_125_letter_J_vid_0025,125,1,0,ALPH,2.966666666666667
nl_125_letter_J_vid_0026,125,1,0,ALPH,3.0
nl_125_letter_J_vid_0027,125,1,0,ALPH,2.966666666666667
nl_125_letter_J_vid_0028,125,1,0,ALPH,2.966666666666667
nl_125_letter_J_vid_0029,125,1,0,ALPH,3.0
nl_125_letter_J_vid_0030,125,1,0,ALPH,2.966666666666667
nl_125_letter_J_vid_0031,125,1,0,ALPH,2.966666666666667
nl_125_letter_J_vid_0032,125,1,0,ALPH,2.966666666666667
nl_125_letter_J_vid_0033,125,1,0,ALPH,2.966666666666667
nl_125_letter_J_vid_0034,125,1,0,ALPH,2.966666666666667
nl_125_letter_J_vid_0035,125,1,0,ALPH,2.966666666666667
nl_125_letter_J_vid_0036,125,1,0,ALPH,2.966666666666667
nl_125_letter_J_vid_0037,125,1,0,ALPH,1.0666666666666667
nl_125_letter_J_vid_0038,125,1,0,ALPH,2.966666666666667
nl_125_letter_J_vid_0039,125,1,0,ALPH,2.966666666666667
nl_125_letter_J_vid_0040,125,1,0,ALPH,2.966666666666667
nl_125_letter_J_vid_0041,125,1,0,ALPH,2.966666666666667
nl_125_letter_J_vid_0042,125,1,0,ALPH,1.1333333333333333
nl_125_letter_J_vid_0043,125,1,0,ALPH,2.966666666666667
nl_125_letter_J_vid_0044,125,1,0,ALPH,2.966666666666667
nl_125_letter_J_vid_0045,125,1,0,ALPH,2.966666666666667
nl_125_letter_J_vid_0046,125,1,0,ALPH,2.966666666666667
nl_125_letter_J_vid_0047,125,1,0,ALPH,2.966666666666667
nl_125_letter_J_vid_0048,125,1,0,ALPH,3.0
nl_125_letter_J_vid_0049,125,1,0,ALPH,2.966666666666667
nl_125_letter_J_vid_0050,125,1,0,ALPH,1.1333333333333333
nl_125_letter_J_vid_0051,125,1,0,ALPH,2.966666666666667
nl_125_letter_J_vid_0052,125,1,0,ALPH,2.966666666666667
nl_125_letter_J_vid_0053,125,1,0,ALPH,2.966666666666667
nl_125_letter_J_vid_0054,125,1,0,ALPH,2.966666666666667
nl_125_letter_J_vid_0055,125,1,0,ALPH,2.966666666666667
nl_125_letter_J_vid_0056,125,1,0,ALPH,2.966666666666667
nl_125_letter_J_vid_0057,125,1,0,ALPH,2.966666666666667
nl_125_letter_J_vid_0058,125,1,0,ALPH,2.966666666666667
nl_125_letter_J_vid_0059,125,1,0,ALPH,1.1
nl_125_letter_J_vid_0060,125,1,0,ALPH,2.966666666666667
nl_125_letter_J_vid_0061,125,1,0,ALPH,3.0
nl_125_letter_J_vid_0062,125,1,0,ALPH,2.966666666666667
nl_125_letter_J_vid_0063,125,1,0,ALPH,2.966666666666667
nl_125_letter_J_vid_0064,125,1,0,ALPH,2.966666666666667
nl_125_letter_J_vid_0065,125,1,0,ALPH,2.966666666666667
nl_125_letter_J_vid_0066,125,1,0,ALPH,2.966666666666667
nl_125_letter_J_vid_0067,125,1,0,ALPH,2.966666666666667
nl_125_letter_J_vid_0068,125,1,0,ALPH,2.966666666666667
nl_125_letter_J_vid_0069,125,1,0,ALPH,2.966666666666667
nl_125_letter_J_vid_0070,125,1,0,ALPH,1.0666666666666667
nl_125_letter_J_vid_0071,125,1,0,ALPH,2.966666666666667
nl_125_letter_J_vid_0072,125,1,0,ALPH,2.966666666666667
nl_125_letter_J_vid_0073,125,1,0,ALPH,2.966666666666667
nl_125_letter_J_vid_0074,125,1,0,ALPH,3.0
nl_125_letter_J_vid_0075,125,1,0,ALPH,2.966666666666667
nl_125_letter_J_vid_0076,125,1,0,ALPH,2.966666666666667
nl_125_letter_J_vid_0077,125,1,0,ALPH,1.0666666666666667
nl_125_letter_J_vid_0078,125,1,0,ALPH,1.0
nl_125_letter_J_vid_0079,125,1,0,ALPH,3.0
nl_125_letter_J_vid_0080,125,1,0,ALPH,1.0
nl_125_letter_J_vid_0081,125,1,0,ALPH,2.966666666666667
nl_125_letter_J_vid_0082,125,1,0,ALPH,2.966666666666667
nl_125_letter_J_vid_0083,125,1,0,ALPH,1.0
nl_125_letter_J_vid_0084,125,1,0,ALPH,3.0
nl_125_letter_J_vid_0085,125,1,0,ALPH,2.966666666666667
nl_125_letter_J_vid_0086,125,1,0,ALPH,2.966666666666667
nl_125_letter_J_vid_0087,125,1,0,ALPH,2.966666666666667
nl_125_letter_J_vid_0088,125,1,0,ALPH,2.966666666666667
nl_125_letter_J_vid_0089,125,1,0,ALPH,1.0
nl_125_letter_J_vid_0090,125,1,0,ALPH,1.1
nl_125_letter_J_vid_0091,125,1,0,ALPH,2.966666666666667
nl_125_letter_J_vid_0092,125,1,0,ALPH,2.966666666666667
nl_125_letter_J_vid_0093,125,1,0,ALPH,2.966666666666667
nl_125_letter_J_vid_0094,125,1,0,ALPH,2.966666666666667
nl_125_letter_J_vid_0095,125,1,0,ALPH,2.966666666666667
nl_125_letter_J_vid_0096,125,1,0,ALPH,3.0
nl_125_letter_J_vid_0097,125,1,0,ALPH,2.966666666666667
nl_125_letter_J_vid_0098,125,1,0,ALPH,2.966666666666667
nl_125_letter_J_vid_0099,125,1,0,ALPH,2.966666666666667
nl_141_letter_Z_vid_0020,141,1,0,ALPH,2.966666666666667
nl_141_letter_Z_vid_0021,141,1,0,ALPH,2.966666666666667
nl_141_letter_Z_vid_0022,141,1,0,ALPH,3.0
nl_141_letter_Z_vid_0023,141,1,0,ALPH,2.966666666666667
nl_141_letter_Z_vid_0024,141,1,0,ALPH,2.966666666666667
nl_141_letter_Z_vid_0025,141,1,0,ALPH,2.966666666666667
nl_141_letter_Z_vid_0026,141,1,0,ALPH,3.0
nl_141_letter_Z_vid_0027,141,1,0,ALPH,2.966666666666667
nl_141_letter_Z_vid_0028,141,1,0,ALPH,3.0
nl_141_letter_Z_vid_0029,141,1,0,ALPH,2.966666666666667
nl_141_letter_Z_vid_0030,141,1,0,ALPH,2.966666666666667
nl_141_letter_Z_vid_0031,141,1,0,ALPH,3.0
nl_141_letter_Z_vid_0032,141,1,0,ALPH,2.966666666666667
nl_141_letter_Z_vid_0033,141,1,0,ALPH,2.966666666666667
nl_141_letter_Z_vid_0034,141,1,0,ALPH,2.966666666666667
nl_141_letter_Z_vid_0035,141,1,0,ALPH,2.966666666666667
nl_141_letter_Z_vid_0036,141,1,0,ALPH,1.1333333333333333
nl_141_letter_Z_vid_0037,141,1,0,ALPH,2.966666666666667
nl_141_letter_Z_vid_0038,141,1,0,ALPH,2.966666666666667
nl_141_letter_Z_vid_0039,141,1,0,ALPH,2.966666666666667
nl_141_letter_Z_vid_0040,141,1,0,ALPH,1.0
nl_141_letter_Z_vid_0041,141,1,0,ALPH,2.966666666666667
nl_141_letter_Z_vid_0042,141,1,0,ALPH,2.966666666666667
nl_141_letter_Z_vid_0043,141,1,0,ALPH,2.966666666666667
nl_141_letter_Z_vid_0044,141,1,0,ALPH,2.966666666666667
nl_141_letter_Z_vid_0045,141,1,0,ALPH,2.966666666666667
nl_141_letter_Z_vid_0046,141,1,0,ALPH,3.0
nl_141_letter_Z_vid_0047,141,1,0,ALPH,2.966666666666667
nl_141_letter_Z_vid_0048,141,1,0,ALPH,2.966666666666667
nl_141_letter_Z_vid_0049,141,1,0,ALPH,2.966666666666667
nl_141_letter_Z_vid_0050,141,1,0,ALPH,1.0
nl_141_letter_Z_vid_0051,141,1,0,ALPH,1.1
nl_141_letter_Z_vid_0052,141,1,0,ALPH,2.966666666666667
nl_141_letter_Z_vid_0053,141,1,0,ALPH,2.966666666666667
nl_141_letter_Z_vid_0054,141,1,0,ALPH,2.966666666666667
nl_141_letter_Z_vid_0055,141,1,0,ALPH,2.966666666666667
nl_141_letter_Z_vid_0056,141,1,0,ALPH,2.966666666666667
nl_141_letter_Z_vid_0057,141,1,0,ALPH,2.966666666666667
nl_141_letter_Z_vid_0058,141,1,0,ALPH,2.966666666666667
nl_141_letter_Z_vid_0059,141,1,0,ALPH,2.966666666666667
nl_141_letter_Z_vid_0060,141,1,0,ALPH,1.1333333333333333
nl_141_letter_Z_vid_0061,141,1,0,ALPH,3.0
nl_141_letter_Z_vid_0062,141,1,0,ALPH,3.0
nl_141_letter_Z_vid_0063,141,1,0,ALPH,3.0
nl_141_letter_Z_vid_0064,141,1,0,ALPH,2.966666666666667
nl_141_letter_Z_vid_0065,141,1,0,ALPH,3.0
nl_141_letter_Z_vid_0066,141,1,0,ALPH,1.0
nl_141_letter_Z_vid_0067,141,1,0,ALPH,3.0
nl_141_letter_Z_vid_0068,141,1,0,ALPH,2.966666666666667
nl_141_letter_Z_vid_0069,141,1,0,ALPH,3.0
nl_141_letter_Z_vid_0070,141,1,0,ALPH,2.966666666666667
nl_141_letter_Z_vid_0071,141,1,0,ALPH,2.966666666666667
nl_141_letter_Z_vid_0072,141,1,0,ALPH,3.0
nl_141_letter_Z_vid_0073,141,1,0,ALPH,2.966666666666667
nl_141_letter_Z_vid_0074,141,1,0,ALPH,2.966666666666667
nl_141_letter_Z_vid_0075,141,1,0,ALPH,2.966666666666667
nl_141_letter_Z_vid_0076,141,1,0,ALPH,2.966666666666667
nl_141_letter_Z_vid_0077,141,1,0,ALPH,2.966666666666667
nl_141_letter_Z_vid_0078,141,1,0,ALPH,3.0
nl_141_letter_Z_vid_0079,141,1,0,ALPH,3.0
nl_141_letter_Z_vid_0080,141,1,0,ALPH,1.1
nl_141_letter_Z_vid_0081,141,1,0,ALPH,2.966666666666667
nl_141_letter_Z_vid_0082,141,1,0,ALPH,2.966666666666667
nl_141_letter_Z_vid_0083,141,1,0,ALPH,2.966666666666667
nl_141_letter_Z_vid_0084,141,1,0,ALPH,2.966666666666667
nl_141_letter_Z_vid_0085,141,1,0,ALPH,2.966666666666667
nl_141_letter_Z_vid_0086,141,1,0,ALPH,1.1333333333333333
nl_141_letter_Z_vid_0087,141,1,0,ALPH,2.966666666666667
nl_141_letter_Z_vid_0088,141,1,0,ALPH,2.966666666666667
nl_141_letter_Z_vid_0089,141,1,0,ALPH,1.1
nl_141_letter_Z_vid_0090,141,1,0,ALPH,2.966666666666667
nl_141_letter_Z_vid_0091,141,1,0,ALPH,1.0333333333333334
nl_141_letter_Z_vid_0092,141,1,0,ALPH,3.0
nl_141_letter_Z_vid_0093,141,1,0,ALPH,2.966666666666667
nl_141_letter_Z_vid_0094,141,1,0,ALPH,2.966666666666667
nl_141_letter_Z_vid_0095,141,1,0,ALPH,3.0
nl_141_letter_Z_vid_0096,141,1,0,ALPH,1.1333333333333333
nl_141_letter_Z_vid_0097,141,1,0,ALPH,3.0
nl_141_letter_Z_vid_0098,141,1,0,ALPH,2.966666666666667
nl_141_letter_Z_vid_0099,141,1,0,ALPH,2.966666666666667
nl_000_clip_0414_one,0,0,0,S0,4.0660
nl_000_clip_0415_one,0,0,0,S0,4.0660
nl_000_clip_0416_one,0,0,0,S0,4.0660
nl_000_clip_0417_one,0,0,0,S0,4.0660
nl_000_clip_0418_one,0,0,0,S0,4.0330
nl_000_clip_0419_one,0,0,0,S0,4.0330
nl_000_clip_0421_one,0,0,0,S0,4.0660
nl_000_clip_0422_one,0,0,0,S0,4.0660
nl_000_clip_0424_one,0,0,0,S0,4.0330
nl_000_clip_0425_one,0,0,0,S0,4.0330
nl_000_clip_0426_one,0,0,0,S0,4.0330
nl_000_clip_0427_one,0,0,0,S0,4.0330
nl_000_clip_0428_one,0,0,0,S0,4.0330
nl_000_clip_0429_one,0,0,0,S0,4.0660
nl_000_clip_0431_one,0,0,0,S0,4.0330
nl_000_clip_0433_one,0,0,0,S0,4.0330
nl_001_clip_0434_two,1,0,0,S0,4.0330
nl_001_clip_0435_two,1,0,0,S0,4.0330
nl_001_clip_0436_two,1,0,0,S0,4.0330
nl_001_clip_0437_two,1,0,0,S0,4.0330
nl_001_clip_0438_two,1,0,0,S0,4.0330
nl_001_clip_0439_two,1,0,0,S0,4.0330
nl_001_clip_0440_two,1,0,0,S0,4.0330
nl_001_clip_0441_two,1,0,0,S0,4.0330
nl_001_clip_0444_two,1,0,0,S0,4.0330
nl_001_clip_0445_two,1,0,0,S0,4.0330
nl_001_clip_0446_two,1,0,0,S0,4.0330
nl_001_clip_0447_two,1,0,0,S0,4.0330
nl_001_clip_0448_two,1,0,0,S0,4.0330
nl_001_clip_0449_two,1,0,0,S0,4.0330
nl_001_clip_0450_two,1,0,0,S0,4.0330
nl_001_clip_0453_two,1,0,0,S0,4.0330
nl_002_clip_0454_three,2,0,0,S0,4.0330
nl_002_clip_0456_three,2,0,0,S0,4.0330
nl_002_clip_0460_three,2,0,0,S0,4.0330
nl_002_clip_0461_three,2,0,0,S0,4.0330
nl_002_clip_0462_three,2,0,0,S0,4.0330
nl_002_clip_0463_three,2,0,0,S0,4.0330
nl_002_clip_0464_three,2,0,0,S0,4.0330
nl_002_clip_0465_three,2,0,0,S0,4.0330
nl_002_clip_0466_three,2,0,0,S0,4.0330
nl_002_clip_0467_three,2,0,0,S0,4.0330
nl_002_clip_0468_three,2,0,0,S0,4.0330
nl_002_clip_0469_three,2,0,0,S0,4.0330
nl_002_clip_0470_three,2,0,0,S0,4.0330
nl_002_clip_0471_three,2,0,0,S0,4.0330
nl_002_clip_0472_three,2,0,0,S0,4.0330
nl_002_clip_0473_three,2,0,0,S0,4.0330
nl_003_clip_0474_four,3,0,0,S0,4.0330
nl_003_clip_0475_four,3,0,0,S0,4.0330
nl_003_clip_0476_four,3,0,0,S0,4.0330
nl_003_clip_0477_four,3,0,0,S0,4.0330
nl_003_clip_0478_four,3,0,0,S0,4.0330
nl_003_clip_0479_four,3,0,0,S0,4.0330
nl_003_clip_0482_four,3,0,0,S0,4.0330
nl_003_clip_0483_four,3,0,0,S0,4.0330
nl_003_clip_0484_four,3,0,0,S0,4.0330
nl_003_clip_0485_four,3,0,0,S0,4.0330
nl_003_clip_0486_four,3,0,0,S0,4.0330
nl_003_clip_0488_four,3,0,0,S0,4.0330
nl_003_clip_0489_four,3,0,0,S0,4.0330
nl_003_clip_0490_four,3,0,0,S0,4.0330
nl_003_clip_0491_four,3,0,0,S0,4.0330
nl_003_clip_0493_four,3,0,0,S0,4.0330
nl_004_clip_0494_five,4,0,0,S0,4.0330
nl_004_clip_0495_five,4,0,0,S0,4.0330
nl_004_clip_0496_five,4,0,0,S0,4.0330
nl_004_clip_0497_five,4,0,0,S0,4.0330
nl_004_clip_0498_five,4,0,0,S0,4.0330
nl_004_clip_0500_five,4,0,0,S0,4.0330
nl_004_clip_0501_five,4,0,0,S0,4.0330
nl_004_clip_0502_five,4,0,0,S0,4.0330
nl_004_clip_0504_five,4,0,0,S0,4.0330
nl_004_clip_0506_five,4,0,0,S0,4.0330
nl_004_clip_0507_five,4,0,0,S0,4.0330
nl_004_clip_0508_five,4,0,0,S0,4.0330
nl_004_clip_0510_five,4,0,0,S0,4.0330
nl_004_clip_0511_five,4,0,0,S0,4.0330
nl_004_clip_0512_five,4,0,0,S0,4.0330
nl_004_clip_0513_five,4,0,0,S0,4.0330
nl_005_clip_0514_six,5,0,0,S0,4.0330
nl_005_clip_0515_six,5,0,0,S0,4.0330
nl_005_clip_0516_six,5,0,0,S0,4.0330
nl_005_clip_0517_six,5,0,0,S0,4.0330
nl_005_clip_0518_six,5,0,0,S0,4.0330
nl_005_clip_0519_six,5,0,0,S0,4.0330
nl_005_clip_0520_six,5,0,0,S0,4.0330
nl_005_clip_0522_six,5,0,0,S0,4.0330
nl_005_clip_0523_six,5,0,0,S0,4.0330
nl_005_clip_0524_six,5,0,0,S0,4.0330
nl_005_clip_0527_six,5,0,0,S0,4.0330
nl_005_clip_0528_six,5,0,0,S0,4.0330
nl_005_clip_0529_six,5,0,0,S0,4.0330
nl_005_clip_0530_six,5,0,0,S0,4.0330
nl_005_clip_0532_six,5,0,0,S0,4.0330
nl_005_clip_0533_six,5,0,0,S0,4.0330
nl_006_clip_0534_seven,6,0,0,S0,4.0330
nl_006_clip_0536_seven,6,0,0,S0,4.0330
nl_006_clip_0537_seven,6,0,0,S0,4.0330
nl_006_clip_0538_seven,6,0,0,S0,4.0330
nl_006_clip_0539_seven,6,0,0,S0,4.0330
nl_006_clip_0540_seven,6,0,0,S0,4.0330
nl_006_clip_0541_seven,6,0,0,S0,4.0330
nl_006_clip_0542_seven,6,0,0,S0,4.0330
nl_006_clip_0543_seven,6,0,0,S0,4.0330
nl_006_clip_0544_seven,6,0,0,S0,4.0330
nl_006_clip_0545_seven,6,0,0,S0,4.0330
nl_006_clip_0546_seven,6,0,0,S0,4.0330
nl_006_clip_0547_seven,6,0,0,S0,4.0330
nl_006_clip_0548_seven,6,0,0,S0,4.0330
nl_006_clip_0549_seven,6,0,0,S0,4.0330
nl_006_clip_0551_seven,6,0,0,S0,4.0330
nl_006_clip_0554_seven,6,0,0,S0,4.0330
nl_007_clip_0555_eight,7,0,0,S0,4.0330
nl_007_clip_0557_eight,7,0,0,S0,4.0330
nl_007_clip_0558_eight,7,0,0,S0,4.0330
nl_007_clip_0559_eight,7,0,0,S0,4.0330
nl_007_clip_0561_eight,7,0,0,S0,4.0330
nl_007_clip_0563_eight,7,0,0,S0,4.0330
nl_007_clip_0565_eight,7,0,0,S0,4.0330
nl_007_clip_0566_eight,7,0,0,S0,4.0330
nl_007_clip_0567_eight,7,0,0,S0,4.0330
nl_007_clip_0568_eight,7,0,0,S0,4.0330
nl_007_clip_0569_eight,7,0,0,S0,4.0330
nl_007_clip_0570_eight,7,0,0,S0,4.0330
nl_007_clip_0571_eight,7,0,0,S0,4.0330
nl_007_clip_0572_eight,7,0,0,S0,4.0330
nl_007_clip_0573_eight,7,0,0,S0,4.0330
nl_007_clip_0574_eight,7,0,0,S0,4.0330
nl_007_clip_0575_eight,7,0,0,S0,4.0330
nl_008_clip_0576_nine,8,0,0,S0,4.0330
nl_008_clip_0577_nine,8,0,0,S0,4.0330
nl_008_clip_0578_nine,8,0,0,S0,4.0330
nl_008_clip_0580_nine,8,0,0,S0,4.0330
nl_008_clip_0581_nine,8,0,0,S0,4.0330
nl_008_clip_0582_nine,8,0,0,S0,4.0330
nl_008_clip_0583_nine,8,0,0,S0,4.0330
nl_008_clip_0584_nine,8,0,0,S0,4.0330
nl_008_clip_0585_nine,8,0,0,S0,4.0330
nl_008_clip_0586_nine,8,0,0,S0,4.0330
nl_008_clip_0587_nine,8,0,0,S0,4.0330
nl_008_clip_0588_nine,8,0,0,S0,4.0330
nl_008_clip_0589_nine,8,0,0,S0,4.0330
nl_008_clip_0590_nine,8,0,0,S0,4.0330
nl_008_clip_0591_nine,8,0,0,S0,4.0330
nl_008_clip_0594_nine,8,0,0,S0,4.0330
nl_009_clip_0597_ten,9,0,0,S0,4.0330
nl_009_clip_0598_ten,9,0,0,S0,4.0330
nl_009_clip_0600_ten,9,0,0,S0,4.0330
nl_009_clip_0601_ten,9,0,0,S0,4.0330
nl_009_clip_0602_ten,9,0,0,S0,4.0330
nl_009_clip_0603_ten,9,0,0,S0,4.0330
nl_009_clip_0604_ten,9,0,0,S0,4.0330
nl_009_clip_0605_ten,9,0,0,S0,4.0330
nl_009_clip_0606_ten,9,0,0,S0,4.0330
nl_009_clip_0607_ten,9,0,0,S0,4.0330
nl_009_clip_0609_ten,9,0,0,S0,4.0330
nl_009_clip_0610_ten,9,0,0,S0,4.0330
nl_009_clip_0611_ten,9,0,0,S0,4.0330
nl_009_clip_0613_ten,9,0,0,S0,4.0330
nl_009_clip_0614_ten,9,0,0,S0,4.0330
nl_009_clip_0615_ten,9,0,0,S0,4.0330
